------- BEAMDYN INDIVIDUAL BLADE INPUT FILE --------------------------
Generated with OpenFAST_IO
---------------------- BLADE PARAMETERS --------------------------------------
60                     station_total - Number of blade input stations (-)
1                      damp_type   - Damping type: 0: no damping; 1: damped
---------------------- DAMPING COEFFICIENT------------------------------------
    mu1         mu2         mu3         mu4         mu5         mu6    
    (-)         (-)         (-)         (-)         (-)         (-)    
 0.004048    0.003153    0.000140    0.003153    0.004048    0.000140  
---------------------- DISTRIBUTED PROPERTIES---------------------------------
 0.000000000000000e+00
 1.563184752832442e+10  0.000000000000000e+00  0.000000000000000e+00  0.000000000000000e+00  0.000000000000000e+00  2.788732894969610e+06
 0.000000000000000e+00  1.563188781918344e+10  0.000000000000000e+00  0.000000000000000e+00  0.000000000000000e+00 -1.111661404297347e+05
 0.000000000000000e+00  0.000000000000000e+00  5.345866023073909e+10 -9.537063615586996e+06  3.801711603326071e+05  0.000000000000000e+00
 0.000000000000000e+00  0.000000000000000e+00 -9.537063615586996e+06  2.166810354548851e+11  1.645189898870409e+06  0.000000000000000e+00
 0.000000000000000e+00  0.000000000000000e+00  3.801711603326071e+05  1.645189898870409e+06  2.166716352217253e+11  0.000000000000000e+00
 2.788732894969610e+06 -1.111661404297347e+05  0.000000000000000e+00  0.000000000000000e+00  0.000000000000000e+00  1.267168233366758e+11

 3.685261505828887e+03  0.000000000000000e+00  0.000000000000000e+00  0.000000000000000e+00  0.000000000000000e+00  6.437624493107473e-01
 0.000000000000000e+00  3.685261505828887e+03  0.000000000000000e+00  0.000000000000000e+00  0.000000000000000e+00 -1.360206465594653e-01
 0.000000000000000e+00  0.000000000000000e+00  3.685261505828887e+03 -6.437624493107473e-01  1.360206465594653e-01  0.000000000000000e+00
 0.000000000000000e+00  0.000000000000000e+00 -6.437624493107473e-01  1.493862668591026e+04 -1.134424376895375e-01  0.000000000000000e+00
 0.000000000000000e+00  0.000000000000000e+00  1.360206465594653e-01 -1.134424376895615e-01  1.493797867411379e+04  0.000000000000000e+00
 6.437624493107473e-01 -1.360206465594653e-01  0.000000000000000e+00  0.000000000000000e+00  0.000000000000000e+00  2.987660536002405e+04

 1.694915254237288e-02
 1.563204692409461e+10  0.000000000000000e+00  0.000000000000000e+00  0.000000000000000e+00  0.000000000000000e+00 -1.464117824157707e+07
 0.000000000000000e+00  1.563177486388027e+10  0.000000000000000e+00  0.000000000000000e+00  0.000000000000000e+00  3.218676085934397e+04
 0.000000000000000e+00  0.000000000000000e+00  5.345988044269164e+10  5.007121857654387e+07 -1.100770963118812e+05  0.000000000000000e+00
 0.000000000000000e+00  0.000000000000000e+00  5.007121857654387e+07  2.166900371349344e+11  2.110710263515945e+06  0.000000000000000e+00
 0.000000000000000e+00  0.000000000000000e+00 -1.100770963118812e+05  2.110710263515945e+06  2.166679897440394e+11  0.000000000000000e+00
-1.464117824157707e+07  3.218676085934397e+04  0.000000000000000e+00  0.000000000000000e+00  0.000000000000000e+00  1.267158475156311e+11

 3.685309296963143e+03  0.000000000000000e+00  0.000000000000000e+00  0.000000000000000e+00  0.000000000000000e+00 -3.374724479424051e+00
 0.000000000000000e+00  3.685309296963142e+03  0.000000000000000e+00  0.000000000000000e+00  0.000000000000000e+00  4.050244357472911e-01
 0.000000000000000e+00  0.000000000000000e+00  3.685309296963142e+03  3.374724479424051e+00 -4.050244357472911e-01  0.000000000000000e+00
 0.000000000000000e+00  0.000000000000000e+00  3.374724479424051e+00  1.493895277841864e+04 -1.462851281099049e-01  0.000000000000000e+00
 0.000000000000000e+00  0.000000000000000e+00 -4.050244357472911e-01 -1.462851281101117e-01  1.493772730948650e+04  0.000000000000000e+00
-3.374724479424051e+00  4.050244357472911e-01  0.000000000000000e+00  0.000000000000000e+00  0.000000000000000e+00  2.987668008790514e+04

 3.389830508474576e-02
 1.123206889325650e+10  0.000000000000000e+00  0.000000000000000e+00  0.000000000000000e+00  0.000000000000000e+00  6.922783675638022e+08
 0.000000000000000e+00  1.128444151831221e+10  0.000000000000000e+00  0.000000000000000e+00  0.000000000000000e+00  4.798087586710334e+08
 0.000000000000000e+00  0.000000000000000e+00  3.937712379202760e+10 -2.426973270656199e+09 -1.674295431991759e+09  0.000000000000000e+00
 0.000000000000000e+00  0.000000000000000e+00 -2.426973270656199e+09  1.619803118816835e+11  2.196536671279772e+09  0.000000000000000e+00
 0.000000000000000e+00  0.000000000000000e+00 -1.674295431991759e+09  2.196536671279772e+09  1.552443960520895e+11  0.000000000000000e+00
 6.922783675638022e+08  4.798087586710334e+08  0.000000000000000e+00  0.000000000000000e+00  0.000000000000000e+00  9.070162212595012e+10

 2.712449191809037e+03  0.000000000000000e+00  0.000000000000000e+00  0.000000000000000e+00  0.000000000000000e+00  2.051080006106158e+02
 0.000000000000000e+00  2.712449191809037e+03  0.000000000000000e+00  0.000000000000000e+00  0.000000000000000e+00  5.703663445796919e+01
 0.000000000000000e+00  0.000000000000000e+00  2.712449191809037e+03 -2.051080006106158e+02 -5.703663445796919e+01  0.000000000000000e+00
 0.000000000000000e+00  0.000000000000000e+00 -2.051080006106158e+02  1.114235963907910e+04 -1.397507278270924e+02  0.000000000000000e+00
 0.000000000000000e+00  0.000000000000000e+00 -5.703663445796919e+01 -1.397507278270926e+02  1.070808799863275e+04  0.000000000000000e+00
 2.051080006106158e+02  5.703663445796919e+01  0.000000000000000e+00  0.000000000000000e+00  0.000000000000000e+00  2.185044763771186e+04

 5.084745762711865e-02
 4.307355937932385e+09  0.000000000000000e+00  0.000000000000000e+00  0.000000000000000e+00  0.000000000000000e+00  1.496019049277852e+08
 0.000000000000000e+00  7.146800732222462e+09  0.000000000000000e+00  0.000000000000000e+00  0.000000000000000e+00  1.061929907545022e+09
 0.000000000000000e+00  0.000000000000000e+00  3.128282512681763e+10 -1.277993263932978e+10 -4.142792602343600e+09  0.000000000000000e+00
 0.000000000000000e+00  0.000000000000000e+00 -1.277993263932978e+10  1.077090407891972e+11  2.003044960206747e+10  0.000000000000000e+00
 0.000000000000000e+00  0.000000000000000e+00 -4.142792602343600e+09  2.003044960206746e+10  1.496951651455116e+11  0.000000000000000e+00
 1.496019049277852e+08  1.061929907545022e+09  0.000000000000000e+00  0.000000000000000e+00  0.000000000000000e+00  4.511297512531113e+10

 1.597756283764703e+03  0.000000000000000e+00  0.000000000000000e+00  0.000000000000000e+00  0.000000000000000e+00 -1.348691275064572e+02
 0.000000000000000e+00  1.597756283764703e+03  0.000000000000000e+00  0.000000000000000e+00  0.000000000000000e+00  2.172080338127918e+02
 0.000000000000000e+00  0.000000000000000e+00  1.597756283764703e+03  1.348691275064572e+02 -2.172080338127918e+02  0.000000000000000e+00
 0.000000000000000e+00  0.000000000000000e+00  1.348691275064572e+02  6.617247040663614e+03 -3.862212223098709e+02  0.000000000000000e+00
 0.000000000000000e+00  0.000000000000000e+00 -2.172080338127918e+02 -3.862212223098712e+02  5.855906063980759e+03  0.000000000000000e+00
-1.348691275064572e+02  2.172080338127918e+02  0.000000000000000e+00  0.000000000000000e+00  0.000000000000000e+00  1.247315310464437e+04

 6.779661016949154e-02
 2.523105276850024e+09  0.000000000000000e+00  0.000000000000000e+00  0.000000000000000e+00  0.000000000000000e+00 -2.701834853731648e+08
 0.000000000000000e+00  4.595106359396834e+09  0.000000000000000e+00  0.000000000000000e+00  0.000000000000000e+00  3.755894779867388e+08
 0.000000000000000e+00  0.000000000000000e+00  2.961252229810278e+10 -1.106480547479731e+10 -2.058129674378470e+09  0.000000000000000e+00
 0.000000000000000e+00  0.000000000000000e+00 -1.106480547479731e+10  1.018457710251105e+11  2.023281470918147e+10  0.000000000000000e+00
 0.000000000000000e+00  0.000000000000000e+00 -2.058129674378470e+09  2.023281470918147e+10  1.272363692043959e+11  0.000000000000000e+00
-2.701834853731648e+08  3.755894779867388e+08  0.000000000000000e+00  0.000000000000000e+00  0.000000000000000e+00  2.711314040001356e+10

 1.341933429202986e+03  0.000000000000000e+00  0.000000000000000e+00  0.000000000000000e+00  0.000000000000000e+00 -4.187676127037538e+02
 0.000000000000000e+00  1.341933429202986e+03  0.000000000000000e+00  0.000000000000000e+00  0.000000000000000e+00  1.927444578343240e+02
 0.000000000000000e+00  0.000000000000000e+00  1.341933429202986e+03  4.187676127037538e+02 -1.927444578343240e+02  0.000000000000000e+00
 0.000000000000000e+00  0.000000000000000e+00  4.187676127037538e+02  6.131415769043650e+03 -4.290168641800727e+02  0.000000000000000e+00
 0.000000000000000e+00  0.000000000000000e+00 -1.927444578343240e+02 -4.290168641800725e+02  4.149423402630790e+03  0.000000000000000e+00
-4.187676127037538e+02  1.927444578343240e+02  0.000000000000000e+00  0.000000000000000e+00  0.000000000000000e+00  1.028083917167444e+04

 8.474576271186439e-02
 1.440201200312656e+09  0.000000000000000e+00  0.000000000000000e+00  0.000000000000000e+00  0.000000000000000e+00 -3.118939922105374e+08
 0.000000000000000e+00  3.019190636863898e+09  0.000000000000000e+00  0.000000000000000e+00  0.000000000000000e+00  2.475535743347290e+08
 0.000000000000000e+00  0.000000000000000e+00  2.908468595930415e+10  6.103877380691092e+09 -2.375579420520517e+09  0.000000000000000e+00
 0.000000000000000e+00  0.000000000000000e+00  6.103877380691092e+09  9.541047019537578e+10  1.747320734490130e+10  0.000000000000000e+00
 0.000000000000000e+00  0.000000000000000e+00 -2.375579420520517e+09  1.747320734490130e+10  1.076263775232382e+11  0.000000000000000e+00
-3.118939922105374e+08  2.475535743347290e+08  0.000000000000000e+00  0.000000000000000e+00  0.000000000000000e+00  1.517904767888237e+10

 1.155945791117475e+03  0.000000000000000e+00  0.000000000000000e+00  0.000000000000000e+00  0.000000000000000e+00 -6.101449984684623e+02
 0.000000000000000e+00  1.155945791117475e+03  0.000000000000000e+00  0.000000000000000e+00  0.000000000000000e+00  1.720721515754015e+02
 0.000000000000000e+00  0.000000000000000e+00  1.155945791117475e+03  6.101449984684623e+02 -1.720721515754015e+02  0.000000000000000e+00
 0.000000000000000e+00  0.000000000000000e+00  6.101449984684623e+02  5.611976320570490e+03 -3.981266693259201e+02  0.000000000000000e+00
 0.000000000000000e+00  0.000000000000000e+00 -1.720721515754015e+02 -3.981266693259201e+02  2.966630274731894e+03  0.000000000000000e+00
-6.101449984684623e+02  1.720721515754015e+02  0.000000000000000e+00  0.000000000000000e+00  0.000000000000000e+00  8.578606595302383e+03

 1.016949152542373e-01
 9.965082779036458e+08  0.000000000000000e+00  0.000000000000000e+00  0.000000000000000e+00  0.000000000000000e+00 -2.617547805489968e+08
 0.000000000000000e+00  2.075583771841913e+09  0.000000000000000e+00  0.000000000000000e+00  0.000000000000000e+00  2.080965677042367e+08
 0.000000000000000e+00  0.000000000000000e+00  2.870482287316792e+10 -3.597710539026724e+09 -2.590966879081410e+09  0.000000000000000e+00
 0.000000000000000e+00  0.000000000000000e+00 -3.597710539026724e+09  9.174154721801062e+10  1.547811051062711e+10  0.000000000000000e+00
 0.000000000000000e+00  0.000000000000000e+00 -2.590966879081410e+09  1.547811051062711e+10  8.880700419745679e+10  0.000000000000000e+00
-2.617547805489968e+08  2.080965677042367e+08  0.000000000000000e+00  0.000000000000000e+00  0.000000000000000e+00  1.007810383424653e+10

 1.013555663463332e+03  0.000000000000000e+00  0.000000000000000e+00  0.000000000000000e+00  0.000000000000000e+00 -7.071158029295348e+02
 0.000000000000000e+00  1.013555663463332e+03  0.000000000000000e+00  0.000000000000000e+00  0.000000000000000e+00  1.407071324815458e+02
 0.000000000000000e+00  0.000000000000000e+00  1.013555663463332e+03  7.071158029295348e+02 -1.407071324815458e+02  0.000000000000000e+00
 0.000000000000000e+00  0.000000000000000e+00  7.071158029295348e+02  5.197337548535571e+03 -3.285376152824280e+02  0.000000000000000e+00
 0.000000000000000e+00  0.000000000000000e+00 -1.407071324815458e+02 -3.285376152824280e+02  2.141237551071950e+03  0.000000000000000e+00
-7.071158029295348e+02  1.407071324815458e+02  0.000000000000000e+00  0.000000000000000e+00  0.000000000000000e+00  7.338575099607521e+03

 1.186440677966101e-01
 6.733846809629970e+08  0.000000000000000e+00  0.000000000000000e+00  0.000000000000000e+00  0.000000000000000e+00 -1.551672440599615e+08
 0.000000000000000e+00  1.535524296461904e+09  0.000000000000000e+00  0.000000000000000e+00  0.000000000000000e+00  1.487857780913267e+08
 0.000000000000000e+00  0.000000000000000e+00  2.816390077192250e+10  6.298826436732889e+09 -2.691995451250075e+09  0.000000000000000e+00
 0.000000000000000e+00  0.000000000000000e+00  6.298826436732889e+09  8.521188433021085e+10  1.217255715682629e+10  0.000000000000000e+00
 0.000000000000000e+00  0.000000000000000e+00 -2.691995451250075e+09  1.217255715682629e+10  7.569574322425134e+10  0.000000000000000e+00
-1.551672440599615e+08  1.487857780913267e+08  0.000000000000000e+00  0.000000000000000e+00  0.000000000000000e+00  6.422971196001246e+09

 9.078934806589962e+02  0.000000000000000e+00  0.000000000000000e+00  0.000000000000000e+00  0.000000000000000e+00 -6.907773345449971e+02
 0.000000000000000e+00  9.078934806589962e+02  0.000000000000000e+00  0.000000000000000e+00  0.000000000000000e+00  1.043498090967892e+02
 0.000000000000000e+00  0.000000000000000e+00  9.078934806589962e+02  6.907773345449971e+02 -1.043498090967892e+02  0.000000000000000e+00
 0.000000000000000e+00  0.000000000000000e+00  6.907773345449971e+02  4.680967686211729e+03 -2.599556085560823e+02  0.000000000000000e+00
 0.000000000000000e+00  0.000000000000000e+00 -1.043498090967892e+02 -2.599556085560824e+02  1.670487588256102e+03  0.000000000000000e+00
-6.907773345449971e+02  1.043498090967892e+02  0.000000000000000e+00  0.000000000000000e+00  0.000000000000000e+00  6.351455274467830e+03

 1.355932203389831e-01
 5.205433160674801e+08  0.000000000000000e+00  0.000000000000000e+00  0.000000000000000e+00  0.000000000000000e+00 -1.017347191600752e+08
 0.000000000000000e+00  1.227643009367406e+09  0.000000000000000e+00  0.000000000000000e+00  0.000000000000000e+00  8.918019995830284e+07
 0.000000000000000e+00  0.000000000000000e+00  2.811552077852402e+10  5.328656309904631e+09 -2.020072000753837e+09  0.000000000000000e+00
 0.000000000000000e+00  0.000000000000000e+00  5.328656309904631e+09  8.216731464666698e+10  9.878034080948954e+09  0.000000000000000e+00
 0.000000000000000e+00  0.000000000000000e+00 -2.020072000753837e+09  9.878034080948956e+09  5.934231700525391e+10  0.000000000000000e+00
-1.017347191600752e+08  8.918019995830284e+07  0.000000000000000e+00  0.000000000000000e+00  0.000000000000000e+00  4.666083755756775e+09

 8.573966347211706e+02  0.000000000000000e+00  0.000000000000000e+00  0.000000000000000e+00  0.000000000000000e+00 -6.660839743222584e+02
 0.000000000000000e+00  8.573966347211707e+02  0.000000000000000e+00  0.000000000000000e+00  0.000000000000000e+00  7.766538298465423e+01
 0.000000000000000e+00  0.000000000000000e+00  8.573966347211708e+02  6.660839743222584e+02 -7.766538298465423e+01  0.000000000000000e+00
 0.000000000000000e+00  0.000000000000000e+00  6.660839743222584e+02  4.489150389191356e+03 -2.038779950117498e+02  0.000000000000000e+00
 0.000000000000000e+00  0.000000000000000e+00 -7.766538298465423e+01 -2.038779950117497e+02  1.245243861966446e+03  0.000000000000000e+00
-6.660839743222584e+02  7.766538298465423e+01  0.000000000000000e+00  0.000000000000000e+00  0.000000000000000e+00  5.734394251157802e+03

 1.525423728813559e-01
 4.081154452590527e+08  0.000000000000000e+00  0.000000000000000e+00  0.000000000000000e+00  0.000000000000000e+00 -5.483462247976865e+07
 0.000000000000000e+00  1.014319863987002e+09  0.000000000000000e+00  0.000000000000000e+00  0.000000000000000e+00  1.077969896631928e+08
 0.000000000000000e+00  0.000000000000000e+00  2.807604508032308e+10 -8.587883918305211e+08 -2.899826950694875e+09  0.000000000000000e+00
 0.000000000000000e+00  0.000000000000000e+00 -8.587883918305211e+08  7.732354905743835e+10  8.327036958963700e+09  0.000000000000000e+00
 0.000000000000000e+00  0.000000000000000e+00 -2.899826950694875e+09  8.327036958963701e+09  4.714786976622854e+10  0.000000000000000e+00
-5.483462247976865e+07  1.077969896631928e+08  0.000000000000000e+00  0.000000000000000e+00  0.000000000000000e+00  3.519980750560785e+09

 8.225344560832428e+02  0.000000000000000e+00  0.000000000000000e+00  0.000000000000000e+00  0.000000000000000e+00 -6.044988759741353e+02
 0.000000000000000e+00  8.225344560832428e+02  0.000000000000000e+00  0.000000000000000e+00  0.000000000000000e+00  1.061976779811174e+02
 0.000000000000000e+00  0.000000000000000e+00  8.225344560832428e+02  6.044988759741353e+02 -1.061976779811174e+02  0.000000000000000e+00
 0.000000000000000e+00  0.000000000000000e+00  6.044988759741353e+02  4.259055225833741e+03 -1.960977864359155e+02  0.000000000000000e+00
 0.000000000000000e+00  0.000000000000000e+00 -1.061976779811174e+02 -1.960977864359155e+02  9.408653166787243e+02  0.000000000000000e+00
-6.044988759741353e+02  1.061976779811174e+02  0.000000000000000e+00  0.000000000000000e+00  0.000000000000000e+00  5.199920542512465e+03

 1.694915254237288e-01
 3.219597970795795e+08  0.000000000000000e+00  0.000000000000000e+00  0.000000000000000e+00  0.000000000000000e+00 -2.862451045051695e+07
 0.000000000000000e+00  8.725053668228438e+08  0.000000000000000e+00  0.000000000000000e+00  0.000000000000000e+00  6.048558591106466e+07
 0.000000000000000e+00  0.000000000000000e+00  2.801418375650056e+10 -3.389097702608008e+08 -1.890891406033405e+09  0.000000000000000e+00
 0.000000000000000e+00  0.000000000000000e+00 -3.389097702608008e+08  7.087726105983583e+10  7.619100481598008e+09  0.000000000000000e+00
 0.000000000000000e+00  0.000000000000000e+00 -1.890891406033405e+09  7.619100481598008e+09  4.420048287200697e+10  0.000000000000000e+00
-2.862451045051695e+07  6.048558591106466e+07  0.000000000000000e+00  0.000000000000000e+00  0.000000000000000e+00  2.729512066941069e+09

 7.965410821510774e+02  0.000000000000000e+00  0.000000000000000e+00  0.000000000000000e+00  0.000000000000000e+00 -5.504178566083386e+02
 0.000000000000000e+00  7.965410821510774e+02  0.000000000000000e+00  0.000000000000000e+00  0.000000000000000e+00  7.530259396854943e+01
 0.000000000000000e+00  0.000000000000000e+00  7.965410821510773e+02  5.504178566083386e+02 -7.530259396854943e+01  0.000000000000000e+00
 0.000000000000000e+00  0.000000000000000e+00  5.504178566083386e+02  3.945960024795059e+03 -1.634904863312852e+02  0.000000000000000e+00
 0.000000000000000e+00  0.000000000000000e+00 -7.530259396854943e+01 -1.634904863312852e+02  8.275808727726417e+02  0.000000000000000e+00
-5.504178566083386e+02  7.530259396854943e+01  0.000000000000000e+00  0.000000000000000e+00  0.000000000000000e+00  4.773540897567700e+03

 1.864406779661016e-01
 2.710924434723809e+08  0.000000000000000e+00  0.000000000000000e+00  0.000000000000000e+00  0.000000000000000e+00 -1.783248875778756e+07
 0.000000000000000e+00  7.678812062899108e+08  0.000000000000000e+00  0.000000000000000e+00  0.000000000000000e+00  1.653567562055831e+07
 0.000000000000000e+00  0.000000000000000e+00  2.798175009542534e+10  1.867804759108095e+08 -5.773955234624467e+08  0.000000000000000e+00
 0.000000000000000e+00  0.000000000000000e+00  1.867804759108095e+08  6.615620431263113e+10  6.338360191506367e+09  0.000000000000000e+00
 0.000000000000000e+00  0.000000000000000e+00 -5.773955234624467e+08  6.338360191506367e+09  3.848199584980949e+10  0.000000000000000e+00
-1.783248875778756e+07  1.653567562055831e+07  0.000000000000000e+00  0.000000000000000e+00  0.000000000000000e+00  2.192355785720693e+09

 7.733605878794443e+02  0.000000000000000e+00  0.000000000000000e+00  0.000000000000000e+00  0.000000000000000e+00 -5.252361537551977e+02
 0.000000000000000e+00  7.733605878794443e+02  0.000000000000000e+00  0.000000000000000e+00  0.000000000000000e+00  4.046412866386842e+01
 0.000000000000000e+00  0.000000000000000e+00  7.733605878794443e+02  5.252361537551977e+02 -4.046412866386842e+01  0.000000000000000e+00
 0.000000000000000e+00  0.000000000000000e+00  5.252361537551977e+02  3.732845617730748e+03 -1.305752524635449e+02  0.000000000000000e+00
 0.000000000000000e+00  0.000000000000000e+00 -4.046412866386842e+01 -1.305752524635449e+02  6.989788220877572e+02  0.000000000000000e+00
-5.252361537551977e+02  4.046412866386842e+01  0.000000000000000e+00  0.000000000000000e+00  0.000000000000000e+00  4.431824439818505e+03

 2.033898305084746e-01
 2.453043337002547e+08  0.000000000000000e+00  0.000000000000000e+00  0.000000000000000e+00  0.000000000000000e+00 -1.646078205224292e+07
 0.000000000000000e+00  7.062923275049610e+08  0.000000000000000e+00  0.000000000000000e+00  0.000000000000000e+00  3.329638846843968e+06
 0.000000000000000e+00  0.000000000000000e+00  2.796893596743719e+10  1.795868545709079e+09 -1.294561350552707e+08  0.000000000000000e+00
 0.000000000000000e+00  0.000000000000000e+00  1.795868545709079e+09  6.421182539297714e+10  5.490102469925118e+09  0.000000000000000e+00
 0.000000000000000e+00  0.000000000000000e+00 -1.294561350552707e+08  5.490102469925118e+09  3.497478431952578e+10  0.000000000000000e+00
-1.646078205224292e+07  3.329638846843968e+06  0.000000000000000e+00  0.000000000000000e+00  0.000000000000000e+00  1.926483491532700e+09

 7.587515945390003e+02  0.000000000000000e+00  0.000000000000000e+00  0.000000000000000e+00  0.000000000000000e+00 -5.294858780690211e+02
 0.000000000000000e+00  7.587515945390003e+02  0.000000000000000e+00  0.000000000000000e+00  0.000000000000000e+00  3.125158384904037e+01
 0.000000000000000e+00  0.000000000000000e+00  7.587515945390003e+02  5.294858780690211e+02 -3.125158384904037e+01  0.000000000000000e+00
 0.000000000000000e+00  0.000000000000000e+00  5.294858780690211e+02  3.639577391379734e+03 -1.231712423753651e+02  0.000000000000000e+00
 0.000000000000000e+00  0.000000000000000e+00 -3.125158384904037e+01 -1.231712423753651e+02  6.256132414507126e+02  0.000000000000000e+00
-5.294858780690211e+02  3.125158384904037e+01  0.000000000000000e+00  0.000000000000000e+00  0.000000000000000e+00  4.265190632830447e+03

 2.203389830508475e-01
 2.293428841593966e+08  0.000000000000000e+00  0.000000000000000e+00  0.000000000000000e+00  0.000000000000000e+00 -1.727219360676088e+07
 0.000000000000000e+00  6.637234278959526e+08  0.000000000000000e+00  0.000000000000000e+00  0.000000000000000e+00 -3.387948287534629e+06
 0.000000000000000e+00  0.000000000000000e+00  2.787404329721963e+10  2.025436402855069e+09  1.445363143577961e+08  0.000000000000000e+00
 0.000000000000000e+00  0.000000000000000e+00  2.025436402855069e+09  6.271406583621568e+10  4.909111075132268e+09  0.000000000000000e+00
 0.000000000000000e+00  0.000000000000000e+00  1.445363143577961e+08  4.909111075132268e+09  3.232765665907491e+10  0.000000000000000e+00
-1.727219360676088e+07 -3.387948287534629e+06  0.000000000000000e+00  0.000000000000000e+00  0.000000000000000e+00  1.757115981419272e+09

 7.457318086321677e+02  0.000000000000000e+00  0.000000000000000e+00  0.000000000000000e+00  0.000000000000000e+00 -5.386335034985649e+02
 0.000000000000000e+00  7.457318086321677e+02  0.000000000000000e+00  0.000000000000000e+00  0.000000000000000e+00  2.712731717082523e+01
 0.000000000000000e+00  0.000000000000000e+00  7.457318086321676e+02  5.386335034985649e+02 -2.712731717082523e+01  0.000000000000000e+00
 0.000000000000000e+00  0.000000000000000e+00  5.386335034985649e+02  3.560621128579117e+03 -1.203249373817660e+02  0.000000000000000e+00
 0.000000000000000e+00  0.000000000000000e+00 -2.712731717082523e+01 -1.203249373817660e+02  5.718054694081584e+02  0.000000000000000e+00
-5.386335034985649e+02  2.712731717082523e+01  0.000000000000000e+00  0.000000000000000e+00  0.000000000000000e+00  4.132426597987275e+03

 2.372881355932203e-01
 2.187881564944142e+08  0.000000000000000e+00  0.000000000000000e+00  0.000000000000000e+00  0.000000000000000e+00 -1.748585122661433e+07
 0.000000000000000e+00  6.352273027795501e+08  0.000000000000000e+00  0.000000000000000e+00  0.000000000000000e+00 -5.663817417890748e+06
 0.000000000000000e+00  0.000000000000000e+00  2.772199276877151e+10  2.146459374507549e+09  2.492840986746575e+08  0.000000000000000e+00
 0.000000000000000e+00  0.000000000000000e+00  2.146459374507549e+09  6.070570975649657e+10  4.342581303444092e+09  0.000000000000000e+00
 0.000000000000000e+00  0.000000000000000e+00  2.492840986746575e+08  4.342581303444092e+09  3.016616950662443e+10  0.000000000000000e+00
-1.748585122661433e+07 -5.663817417890748e+06  0.000000000000000e+00  0.000000000000000e+00  0.000000000000000e+00  1.626726955298130e+09

 7.323109991610140e+02  0.000000000000000e+00  0.000000000000000e+00  0.000000000000000e+00  0.000000000000000e+00 -5.398059526895412e+02
 0.000000000000000e+00  7.323109991610140e+02  0.000000000000000e+00  0.000000000000000e+00  0.000000000000000e+00  2.534611288443349e+01
 0.000000000000000e+00  0.000000000000000e+00  7.323109991610139e+02  5.398059526895412e+02 -2.534611288443349e+01  0.000000000000000e+00
 0.000000000000000e+00  0.000000000000000e+00  5.398059526895412e+02  3.450576038888728e+03 -1.147782941861605e+02  0.000000000000000e+00
 0.000000000000000e+00  0.000000000000000e+00 -2.534611288443349e+01 -1.147782941861605e+02  5.290251711565759e+02  0.000000000000000e+00
-5.398059526895412e+02  2.534611288443349e+01  0.000000000000000e+00  0.000000000000000e+00  0.000000000000000e+00  3.979601210045304e+03

 2.542372881355933e-01
 2.116686381533376e+08  0.000000000000000e+00  0.000000000000000e+00  0.000000000000000e+00  0.000000000000000e+00 -1.709104679082559e+07
 0.000000000000000e+00  6.163140554277574e+08  0.000000000000000e+00  0.000000000000000e+00  0.000000000000000e+00 -4.755326487416529e+06
 0.000000000000000e+00  0.000000000000000e+00  2.751904584177595e+10  2.155855311628140e+09  2.143327543343311e+08  0.000000000000000e+00
 0.000000000000000e+00  0.000000000000000e+00  2.155855311628140e+09  5.826568282231062e+10  3.798412161343050e+09  0.000000000000000e+00
 0.000000000000000e+00  0.000000000000000e+00  2.143327543343311e+08  3.798412161343051e+09  2.833164531812027e+10  0.000000000000000e+00
-1.709104679082559e+07 -4.755326487416529e+06  0.000000000000000e+00  0.000000000000000e+00  0.000000000000000e+00  1.520456827603111e+09

 7.184554988094044e+02  0.000000000000000e+00  0.000000000000000e+00  0.000000000000000e+00  0.000000000000000e+00 -5.332017846779650e+02
 0.000000000000000e+00  7.184554988094044e+02  0.000000000000000e+00  0.000000000000000e+00  0.000000000000000e+00  2.546289548834863e+01
 0.000000000000000e+00  0.000000000000000e+00  7.184554988094043e+02  5.332017846779650e+02 -2.546289548834863e+01  0.000000000000000e+00
 0.000000000000000e+00  0.000000000000000e+00  5.332017846779650e+02  3.314907196157942e+03 -1.076895650347214e+02  0.000000000000000e+00
 0.000000000000000e+00  0.000000000000000e+00 -2.546289548834863e+01 -1.076895650347213e+02  4.935792249944655e+02  0.000000000000000e+00
-5.332017846779650e+02  2.546289548834863e+01  0.000000000000000e+00  0.000000000000000e+00  0.000000000000000e+00  3.808486421152407e+03

 2.711864406779661e-01
 2.039222655298058e+08  0.000000000000000e+00  0.000000000000000e+00  0.000000000000000e+00  0.000000000000000e+00 -1.859705829798808e+07
 0.000000000000000e+00  5.905322970945945e+08  0.000000000000000e+00  0.000000000000000e+00  0.000000000000000e+00 -2.521070739021718e+06
 0.000000000000000e+00  0.000000000000000e+00  2.734960784274068e+10  2.434306129490550e+09  1.183074526768687e+08  0.000000000000000e+00
 0.000000000000000e+00  0.000000000000000e+00  2.434306129490550e+09  5.706369063120070e+10  3.308395520462041e+09  0.000000000000000e+00
 0.000000000000000e+00  0.000000000000000e+00  1.183074526768687e+08  3.308395520462040e+09  2.662928626483247e+10  0.000000000000000e+00
-1.859705829798808e+07 -2.521070739021718e+06  0.000000000000000e+00  0.000000000000000e+00  0.000000000000000e+00  1.427697183995975e+09

 7.068736969016712e+02  0.000000000000000e+00  0.000000000000000e+00  0.000000000000000e+00  0.000000000000000e+00 -5.361329850119095e+02
 0.000000000000000e+00  7.068736969016712e+02  0.000000000000000e+00  0.000000000000000e+00  0.000000000000000e+00  2.672300916878466e+01
 0.000000000000000e+00  0.000000000000000e+00  7.068736969016712e+02  5.361329850119095e+02 -2.672300916878466e+01  0.000000000000000e+00
 0.000000000000000e+00  0.000000000000000e+00  5.361329850119095e+02  3.227187876118859e+03 -1.006814607400533e+02  0.000000000000000e+00
 0.000000000000000e+00  0.000000000000000e+00 -2.672300916878466e+01 -1.006814607400533e+02  4.604330047775953e+02  0.000000000000000e+00
-5.361329850119095e+02  2.672300916878466e+01  0.000000000000000e+00  0.000000000000000e+00  0.000000000000000e+00  3.687620880896454e+03

 2.881355932203389e-01
 1.988146995353955e+08  0.000000000000000e+00  0.000000000000000e+00  0.000000000000000e+00  0.000000000000000e+00 -1.531865370600035e+07
 0.000000000000000e+00  5.833712326509157e+08  0.000000000000000e+00  0.000000000000000e+00  0.000000000000000e+00 -1.059663480162986e+05
 0.000000000000000e+00  0.000000000000000e+00  2.701224552725735e+10  1.160202531942960e+09  6.442644035051566e+06  0.000000000000000e+00
 0.000000000000000e+00  0.000000000000000e+00  1.160202531942960e+09  5.256503037785841e+10  2.921460450439416e+09  0.000000000000000e+00
 0.000000000000000e+00  0.000000000000000e+00  6.442644035051566e+06  2.921460450439417e+09  2.499145000994233e+10  0.000000000000000e+00
-1.531865370600035e+07 -1.059663480162986e+05  0.000000000000000e+00  0.000000000000000e+00  0.000000000000000e+00  1.319946877191102e+09

 6.884620542191301e+02  0.000000000000000e+00  0.000000000000000e+00  0.000000000000000e+00  0.000000000000000e+00 -5.066380070965279e+02
 0.000000000000000e+00  6.884620542191301e+02  0.000000000000000e+00  0.000000000000000e+00  0.000000000000000e+00  2.858499987490014e+01
 0.000000000000000e+00  0.000000000000000e+00  6.884620542191301e+02  5.066380070965279e+02 -2.858499987490014e+01  0.000000000000000e+00
 0.000000000000000e+00  0.000000000000000e+00  5.066380070965279e+02  2.992599690122318e+03 -9.545763598388072e+01  0.000000000000000e+00
 0.000000000000000e+00  0.000000000000000e+00 -2.858499987490014e+01 -9.545763598388071e+01  4.287514747576670e+02  0.000000000000000e+00
-5.066380070965279e+02  2.858499987490014e+01  0.000000000000000e+00  0.000000000000000e+00  0.000000000000000e+00  3.421351164879984e+03

 3.050847457627118e-01
 1.912874122206305e+08  0.000000000000000e+00  0.000000000000000e+00  0.000000000000000e+00  0.000000000000000e+00 -1.586465191583481e+07
 0.000000000000000e+00  5.594966888027217e+08  0.000000000000000e+00  0.000000000000000e+00  0.000000000000000e+00  1.846290179836719e+06
 0.000000000000000e+00  0.000000000000000e+00  2.678835633790754e+10  2.166232584697762e+09 -8.771185708891067e+07  0.000000000000000e+00
 0.000000000000000e+00  0.000000000000000e+00  2.166232584697762e+09  5.079865184360297e+10  2.544140112490070e+09  0.000000000000000e+00
 0.000000000000000e+00  0.000000000000000e+00 -8.771185708891067e+07  2.544140112490070e+09  2.340300351952427e+10  0.000000000000000e+00
-1.586465191583481e+07  1.846290179836719e+06  0.000000000000000e+00  0.000000000000000e+00  0.000000000000000e+00  1.225748550167216e+09

 6.753375328433716e+02  0.000000000000000e+00  0.000000000000000e+00  0.000000000000000e+00  0.000000000000000e+00 -5.001968292576948e+02
 0.000000000000000e+00  6.753375328433716e+02  0.000000000000000e+00  0.000000000000000e+00  0.000000000000000e+00  2.947154211469020e+01
 0.000000000000000e+00  0.000000000000000e+00  6.753375328433716e+02  5.001968292576948e+02 -2.947154211469020e+01  0.000000000000000e+00
 0.000000000000000e+00  0.000000000000000e+00  5.001968292576948e+02  2.866743335704181e+03 -8.887652680092310e+01  0.000000000000000e+00
 0.000000000000000e+00  0.000000000000000e+00 -2.947154211469020e+01 -8.887652680092312e+01  3.983054100852408e+02  0.000000000000000e+00
-5.001968292576948e+02  2.947154211469020e+01  0.000000000000000e+00  0.000000000000000e+00  0.000000000000000e+00  3.265048745789422e+03

 3.220338983050847e-01
 1.857479972784983e+08  0.000000000000000e+00  0.000000000000000e+00  0.000000000000000e+00  0.000000000000000e+00 -1.434241671363706e+07
 0.000000000000000e+00  5.462059702628207e+08  0.000000000000000e+00  0.000000000000000e+00  0.000000000000000e+00  3.612958959068819e+06
 0.000000000000000e+00  0.000000000000000e+00  2.650511647779774e+10  1.993126453978005e+09 -1.750513814742856e+08  0.000000000000000e+00
 0.000000000000000e+00  0.000000000000000e+00  1.993126453978005e+09  4.755273878713268e+10  2.212856667970185e+09  0.000000000000000e+00
 0.000000000000000e+00  0.000000000000000e+00 -1.750513814742856e+08  2.212856667970185e+09  2.184895402741901e+10  0.000000000000000e+00
-1.434241671363706e+07  3.612958959068819e+06  0.000000000000000e+00  0.000000000000000e+00  0.000000000000000e+00  1.131100671022974e+09

 6.592016575061432e+02  0.000000000000000e+00  0.000000000000000e+00  0.000000000000000e+00  0.000000000000000e+00 -4.788104281064187e+02
 0.000000000000000e+00  6.592016575061433e+02  0.000000000000000e+00  0.000000000000000e+00  0.000000000000000e+00  3.022337736012138e+01
 0.000000000000000e+00  0.000000000000000e+00  6.592016575061432e+02  4.788104281064187e+02 -3.022337736012138e+01  0.000000000000000e+00
 0.000000000000000e+00  0.000000000000000e+00  4.788104281064187e+02  2.677963942269082e+03 -8.277389441648704e+01  0.000000000000000e+00
 0.000000000000000e+00  0.000000000000000e+00 -3.022337736012138e+01 -8.277389441648704e+01  3.687877610645466e+02  0.000000000000000e+00
-4.788104281064187e+02  3.022337736012138e+01  0.000000000000000e+00  0.000000000000000e+00  0.000000000000000e+00  3.046751703333628e+03

 3.389830508474577e-01
 1.818915025907804e+08  0.000000000000000e+00  0.000000000000000e+00  0.000000000000000e+00  0.000000000000000e+00 -1.134161879430398e+07
 0.000000000000000e+00  5.417276543282661e+08  0.000000000000000e+00  0.000000000000000e+00  0.000000000000000e+00  5.251454027211903e+06
 0.000000000000000e+00  0.000000000000000e+00  2.618050372396560e+10  9.465930255209067e+08 -2.532402382024641e+08  0.000000000000000e+00
 0.000000000000000e+00  0.000000000000000e+00  9.465930255209067e+08  4.328501437549235e+10  1.932879890436490e+09  0.000000000000000e+00
 0.000000000000000e+00  0.000000000000000e+00 -2.532402382024641e+08  1.932879890436490e+09  2.032215125749082e+10  0.000000000000000e+00
-1.134161879430398e+07  5.251454027211903e+06  0.000000000000000e+00  0.000000000000000e+00  0.000000000000000e+00  1.037249353711965e+09

 6.407325070282332e+02  0.000000000000000e+00  0.000000000000000e+00  0.000000000000000e+00  0.000000000000000e+00 -4.461585621588249e+02
 0.000000000000000e+00  6.407325070282332e+02  0.000000000000000e+00  0.000000000000000e+00  0.000000000000000e+00  3.078308012406821e+01
 0.000000000000000e+00  0.000000000000000e+00  6.407325070282332e+02  4.461585621588249e+02 -3.078308012406821e+01  0.000000000000000e+00
 0.000000000000000e+00  0.000000000000000e+00  4.461585621588249e+02  2.445557844646355e+03 -7.692821068434472e+01  0.000000000000000e+00
 0.000000000000000e+00  0.000000000000000e+00 -3.078308012406821e+01 -7.692821068434472e+01  3.400888020214549e+02  0.000000000000000e+00
-4.461585621588249e+02  3.078308012406821e+01  0.000000000000000e+00  0.000000000000000e+00  0.000000000000000e+00  2.785646646667809e+03

 3.559322033898304e-01
 1.767356132606589e+08  0.000000000000000e+00  0.000000000000000e+00  0.000000000000000e+00  0.000000000000000e+00 -9.920551816716067e+06
 0.000000000000000e+00  5.288624284421325e+08  0.000000000000000e+00  0.000000000000000e+00  0.000000000000000e+00  6.603588288886426e+06
 0.000000000000000e+00  0.000000000000000e+00  2.588232007080014e+10  8.353531837465715e+08 -3.229207572396482e+08  0.000000000000000e+00
 0.000000000000000e+00  0.000000000000000e+00  8.353531837465715e+08  4.017832230755981e+10  1.656209453499448e+09  0.000000000000000e+00
 0.000000000000000e+00  0.000000000000000e+00 -3.229207572396482e+08  1.656209453499448e+09  1.878455307004377e+10  0.000000000000000e+00
-9.920551816716067e+06  6.603588288886426e+06  0.000000000000000e+00  0.000000000000000e+00  0.000000000000000e+00  9.496085203303069e+08

 6.242185563678576e+02  0.000000000000000e+00  0.000000000000000e+00  0.000000000000000e+00  0.000000000000000e+00 -4.231388998872346e+02
 0.000000000000000e+00  6.242185563678576e+02  0.000000000000000e+00  0.000000000000000e+00  0.000000000000000e+00  3.085906054231351e+01
 0.000000000000000e+00  0.000000000000000e+00  6.242185563678574e+02  4.231388998872346e+02 -3.085906054231351e+01  0.000000000000000e+00
 0.000000000000000e+00  0.000000000000000e+00  4.231388998872346e+02  2.261429482104229e+03 -7.064449876189971e+01  0.000000000000000e+00
 0.000000000000000e+00  0.000000000000000e+00 -3.085906054231351e+01 -7.064449876189970e+01  3.117792570306029e+02  0.000000000000000e+00
-4.231388998872346e+02  3.085906054231351e+01  0.000000000000000e+00  0.000000000000000e+00  0.000000000000000e+00  2.573208739134831e+03

 3.728813559322034e-01
 1.717940817189114e+08  0.000000000000000e+00  0.000000000000000e+00  0.000000000000000e+00  0.000000000000000e+00 -8.564251808072830e+06
 0.000000000000000e+00  5.161086808257472e+08  0.000000000000000e+00  0.000000000000000e+00  0.000000000000000e+00  7.764213418700099e+06
 0.000000000000000e+00  0.000000000000000e+00  2.555567014500041e+10  7.192994129978158e+08 -3.844270855549248e+08  0.000000000000000e+00
 0.000000000000000e+00  0.000000000000000e+00  7.192994129978158e+08  3.713112092411818e+10  1.399223825787658e+09  0.000000000000000e+00
 0.000000000000000e+00  0.000000000000000e+00 -3.844270855549248e+08  1.399223825787658e+09  1.724721219715527e+10  0.000000000000000e+00
-8.564251808072830e+06  7.764213418700099e+06  0.000000000000000e+00  0.000000000000000e+00  0.000000000000000e+00  8.661612088496752e+08

 6.072933050362798e+02  0.000000000000000e+00  0.000000000000000e+00  0.000000000000000e+00  0.000000000000000e+00 -3.995955449433325e+02
 0.000000000000000e+00  6.072933050362798e+02  0.000000000000000e+00  0.000000000000000e+00  0.000000000000000e+00  3.057505680956360e+01
 0.000000000000000e+00  0.000000000000000e+00  6.072933050362798e+02  3.995955449433325e+02 -3.057505680956360e+01  0.000000000000000e+00
 0.000000000000000e+00  0.000000000000000e+00  3.995955449433325e+02  2.080988378231666e+03 -6.427423479890193e+01  0.000000000000000e+00
 0.000000000000000e+00  0.000000000000000e+00 -3.057505680956360e+01 -6.427423479890193e+01  2.840684866207437e+02  0.000000000000000e+00
-3.995955449433325e+02  3.057505680956360e+01  0.000000000000000e+00  0.000000000000000e+00  0.000000000000000e+00  2.365056864852410e+03

 3.898305084745763e-01
 1.671696026271390e+08  0.000000000000000e+00  0.000000000000000e+00  0.000000000000000e+00  0.000000000000000e+00 -7.325383982786111e+06
 0.000000000000000e+00  5.035066738301060e+08  0.000000000000000e+00  0.000000000000000e+00  0.000000000000000e+00  8.644263958936919e+06
 0.000000000000000e+00  0.000000000000000e+00  2.519080976181801e+10  6.051373331470938e+08 -4.326036728950258e+08  0.000000000000000e+00
 0.000000000000000e+00  0.000000000000000e+00  6.051373331470938e+08  3.417569857370167e+10  1.170557425801936e+09  0.000000000000000e+00
 0.000000000000000e+00  0.000000000000000e+00 -4.326036728950258e+08  1.170557425801936e+09  1.571147031135151e+10  0.000000000000000e+00
-7.325383982786111e+06  8.644263958936919e+06  0.000000000000000e+00  0.000000000000000e+00  0.000000000000000e+00  7.876843847100999e+08

 5.899294458376768e+02  0.000000000000000e+00  0.000000000000000e+00  0.000000000000000e+00  0.000000000000000e+00 -3.759948203171825e+02
 0.000000000000000e+00  5.899294458376768e+02  0.000000000000000e+00  0.000000000000000e+00  0.000000000000000e+00  2.983610472331392e+01
 0.000000000000000e+00  0.000000000000000e+00  5.899294458376769e+02  3.759948203171825e+02 -2.983610472331392e+01  0.000000000000000e+00
 0.000000000000000e+00  0.000000000000000e+00  3.759948203171825e+02  1.906337882206311e+03 -5.789310953084698e+01  0.000000000000000e+00
 0.000000000000000e+00  0.000000000000000e+00 -2.983610472331392e+01 -5.789310953084698e+01  2.570514561090270e+02  0.000000000000000e+00
-3.759948203171825e+02  2.983610472331392e+01  0.000000000000000e+00  0.000000000000000e+00  0.000000000000000e+00  2.163389338315339e+03

 4.067796610169492e-01
 1.631116848756161e+08  0.000000000000000e+00  0.000000000000000e+00  0.000000000000000e+00  0.000000000000000e+00 -6.241810660266452e+06
 0.000000000000000e+00  4.915872401904030e+08  0.000000000000000e+00  0.000000000000000e+00  0.000000000000000e+00  9.082658253991611e+06
 0.000000000000000e+00  0.000000000000000e+00  2.478281112208340e+10  4.973613868977692e+08 -4.581062771840096e+08  0.000000000000000e+00
 0.000000000000000e+00  0.000000000000000e+00  4.973613868977692e+08  3.134634412129858e+10  9.571084369773188e+08  0.000000000000000e+00
 0.000000000000000e+00  0.000000000000000e+00 -4.581062771840096e+08  9.571084369773189e+08  1.419425790966551e+10  0.000000000000000e+00
-6.241810660266452e+06  9.082658253991611e+06  0.000000000000000e+00  0.000000000000000e+00  0.000000000000000e+00  7.155175882250731e+08

 5.721991496709588e+02  0.000000000000000e+00  0.000000000000000e+00  0.000000000000000e+00  0.000000000000000e+00 -3.527718019948938e+02
 0.000000000000000e+00  5.721991496709588e+02  0.000000000000000e+00  0.000000000000000e+00  0.000000000000000e+00  2.841597538049499e+01
 0.000000000000000e+00  0.000000000000000e+00  5.721991496709588e+02  3.527718019948938e+02 -2.841597538049499e+01  0.000000000000000e+00
 0.000000000000000e+00  0.000000000000000e+00  3.527718019948938e+02  1.739757516968498e+03 -5.127592451550657e+01  0.000000000000000e+00
 0.000000000000000e+00  0.000000000000000e+00 -2.841597538049499e+01 -5.127592451550657e+01  2.310192640286307e+02  0.000000000000000e+00
-3.527718019948938e+02  2.841597538049499e+01  0.000000000000000e+00  0.000000000000000e+00  0.000000000000000e+00  1.970776780997128e+03

 4.237288135593220e-01
 1.582488302496181e+08  0.000000000000000e+00  0.000000000000000e+00  0.000000000000000e+00  0.000000000000000e+00 -5.208416466377968e+06
 0.000000000000000e+00  4.770871387109355e+08  0.000000000000000e+00  0.000000000000000e+00  0.000000000000000e+00  8.674422886668952e+06
 0.000000000000000e+00  0.000000000000000e+00  2.432984077769107e+10  3.987544426010156e+08 -4.427300063809158e+08  0.000000000000000e+00
 0.000000000000000e+00  0.000000000000000e+00  3.987544426010156e+08  2.861659104740405e+10  7.475923786485274e+08  0.000000000000000e+00
 0.000000000000000e+00  0.000000000000000e+00 -4.427300063809158e+08  7.475923786485274e+08  1.269605484703351e+10  0.000000000000000e+00
-5.208416466377968e+06  8.674422886668952e+06  0.000000000000000e+00  0.000000000000000e+00  0.000000000000000e+00  6.440045251996298e+08

 5.538622729540873e+02  0.000000000000000e+00  0.000000000000000e+00  0.000000000000000e+00  0.000000000000000e+00 -3.295672175123003e+02
 0.000000000000000e+00  5.538622729540873e+02  0.000000000000000e+00  0.000000000000000e+00  0.000000000000000e+00  2.614373243922807e+01
 0.000000000000000e+00  0.000000000000000e+00  5.538622729540873e+02  3.295672175123003e+02 -2.614373243922807e+01  0.000000000000000e+00
 0.000000000000000e+00  0.000000000000000e+00  3.295672175123003e+02  1.579702942695411e+03 -4.443866726376383e+01  0.000000000000000e+00
 0.000000000000000e+00  0.000000000000000e+00 -2.614373243922807e+01 -4.443866726376383e+01  2.055272505924596e+02  0.000000000000000e+00
-3.295672175123003e+02  2.614373243922807e+01  0.000000000000000e+00  0.000000000000000e+00  0.000000000000000e+00  1.785230193287871e+03

 4.406779661016948e-01
 1.519941673172165e+08  0.000000000000000e+00  0.000000000000000e+00  0.000000000000000e+00  0.000000000000000e+00 -4.192979793741561e+06
 0.000000000000000e+00  4.587758540254589e+08  0.000000000000000e+00  0.000000000000000e+00  0.000000000000000e+00  7.330374024537387e+06
 0.000000000000000e+00  0.000000000000000e+00  2.384075822164949e+10  3.096473789933103e+08 -3.815960432721801e+08  0.000000000000000e+00
 0.000000000000000e+00  0.000000000000000e+00  3.096473789933103e+08  2.599025501286545e+10  5.085411687710962e+08  0.000000000000000e+00
 0.000000000000000e+00  0.000000000000000e+00 -3.815960432721801e+08  5.085411687710961e+08  1.125795477226929e+10  0.000000000000000e+00
-4.192979793741561e+06  7.330374024537387e+06  0.000000000000000e+00  0.000000000000000e+00  0.000000000000000e+00  5.721274574633204e+08

 5.350189382471192e+02  0.000000000000000e+00  0.000000000000000e+00  0.000000000000000e+00  0.000000000000000e+00 -3.062525808263318e+02
 0.000000000000000e+00  5.350189382471191e+02  0.000000000000000e+00  0.000000000000000e+00  0.000000000000000e+00  2.302715156193070e+01
 0.000000000000000e+00  0.000000000000000e+00  5.350189382471191e+02  3.062525808263318e+02 -2.302715156193070e+01  0.000000000000000e+00
 0.000000000000000e+00  0.000000000000000e+00  3.062525808263318e+02  1.426314855003591e+03 -3.723424373642554e+01  0.000000000000000e+00
 0.000000000000000e+00  0.000000000000000e+00 -2.302715156193070e+01 -3.723424373642553e+01  1.810335863958782e+02  0.000000000000000e+00
-3.062525808263318e+02  2.302715156193070e+01  0.000000000000000e+00  0.000000000000000e+00  0.000000000000000e+00  1.607348441399469e+03

 4.576271186440678e-01
 1.448886424088502e+08  0.000000000000000e+00  0.000000000000000e+00  0.000000000000000e+00  0.000000000000000e+00 -3.239806542597270e+06
 0.000000000000000e+00  4.381118382467729e+08  0.000000000000000e+00  0.000000000000000e+00  0.000000000000000e+00  5.465742912477790e+06
 0.000000000000000e+00  0.000000000000000e+00  2.331990792275107e+10  2.279671874854422e+08 -2.919316016518585e+08  0.000000000000000e+00
 0.000000000000000e+00  0.000000000000000e+00  2.279671874854422e+08  2.350389681706995e+10  2.985964442605519e+08  0.000000000000000e+00
 0.000000000000000e+00  0.000000000000000e+00 -2.919316016518585e+08  2.985964442605519e+08  9.934213205328993e+09  0.000000000000000e+00
-3.239806542597270e+06  5.465742912477790e+06  0.000000000000000e+00  0.000000000000000e+00  0.000000000000000e+00  5.034360343713775e+08

 5.159180656748234e+02  0.000000000000000e+00  0.000000000000000e+00  0.000000000000000e+00  0.000000000000000e+00 -2.832281400790832e+02
 0.000000000000000e+00  5.159180656748234e+02  0.000000000000000e+00  0.000000000000000e+00  0.000000000000000e+00  1.955437972993558e+01
 0.000000000000000e+00  0.000000000000000e+00  5.159180656748234e+02  2.832281400790832e+02 -1.955437972993558e+01  0.000000000000000e+00
 0.000000000000000e+00  0.000000000000000e+00  2.832281400790832e+02  1.281367582506401e+03 -3.057206782594159e+01  0.000000000000000e+00
 0.000000000000000e+00  0.000000000000000e+00 -1.955437972993558e+01 -3.057206782594159e+01  1.585114613739598e+02  0.000000000000000e+00
-2.832281400790832e+02  1.955437972993558e+01  0.000000000000000e+00  0.000000000000000e+00  0.000000000000000e+00  1.439879043880361e+03

 4.745762711864407e-01
 1.375320074975566e+08  0.000000000000000e+00  0.000000000000000e+00  0.000000000000000e+00  0.000000000000000e+00 -2.388346452982395e+06
 0.000000000000000e+00  4.167648451003812e+08  0.000000000000000e+00  0.000000000000000e+00  0.000000000000000e+00  3.650016539749250e+06
 0.000000000000000e+00  0.000000000000000e+00  2.277045140354266e+10  1.529844309012505e+08 -2.006110528337077e+08  0.000000000000000e+00
 0.000000000000000e+00  0.000000000000000e+00  1.529844309012505e+08  2.117371532230639e+10  1.806067805430100e+08  0.000000000000000e+00
 0.000000000000000e+00  0.000000000000000e+00 -2.006110528337077e+08  1.806067805430100e+08  8.758283676265413e+09  0.000000000000000e+00
-2.388346452982395e+06  3.650016539749250e+06  0.000000000000000e+00  0.000000000000000e+00  0.000000000000000e+00  4.405306258184869e+08

 4.967975746179274e+02  0.000000000000000e+00  0.000000000000000e+00  0.000000000000000e+00  0.000000000000000e+00 -2.608904945230385e+02
 0.000000000000000e+00  4.967975746179274e+02  0.000000000000000e+00  0.000000000000000e+00  0.000000000000000e+00  1.634967095885099e+01
 0.000000000000000e+00  0.000000000000000e+00  4.967975746179274e+02  2.608904945230385e+02 -1.634967095885099e+01  0.000000000000000e+00
 0.000000000000000e+00  0.000000000000000e+00  2.608904945230385e+02  1.145871783563044e+03 -2.539150149406836e+01  0.000000000000000e+00
 0.000000000000000e+00  0.000000000000000e+00 -1.634967095885099e+01 -2.539150149406837e+01  1.385795417046897e+02  0.000000000000000e+00
-2.608904945230385e+02  1.634967095885099e+01  0.000000000000000e+00  0.000000000000000e+00  0.000000000000000e+00  1.284451325267734e+03

 4.915254237288134e-01
 1.304514987154624e+08  0.000000000000000e+00  0.000000000000000e+00  0.000000000000000e+00  0.000000000000000e+00 -1.652242967968173e+06
 0.000000000000000e+00  3.962082381142768e+08  0.000000000000000e+00  0.000000000000000e+00  0.000000000000000e+00  2.151683127809189e+06
 0.000000000000000e+00  0.000000000000000e+00  2.219718548268193e+10  8.335212129959735e+07 -1.217863987636309e+08  0.000000000000000e+00
 0.000000000000000e+00  0.000000000000000e+00  8.335212129959735e+07  1.901199921477943e+10  1.264295683430144e+08  0.000000000000000e+00
 0.000000000000000e+00  0.000000000000000e+00 -1.217863987636309e+08  1.264295683430144e+08  7.735721101934450e+09  0.000000000000000e+00
-1.652242967968173e+06  2.151683127809189e+06  0.000000000000000e+00  0.000000000000000e+00  0.000000000000000e+00  3.848712316934906e+08

 4.778594223906313e+02  0.000000000000000e+00  0.000000000000000e+00  0.000000000000000e+00  0.000000000000000e+00 -2.394359766779446e+02
 0.000000000000000e+00  4.778594223906313e+02  0.000000000000000e+00  0.000000000000000e+00  0.000000000000000e+00  1.362321464706901e+01
 0.000000000000000e+00  0.000000000000000e+00  4.778594223906313e+02  2.394359766779446e+02 -1.362321464706901e+01  0.000000000000000e+00
 0.000000000000000e+00  0.000000000000000e+00  2.394359766779446e+02  1.020700486943392e+03 -2.145634962102369e+01  0.000000000000000e+00
 0.000000000000000e+00  0.000000000000000e+00 -1.362321464706901e+01 -2.145634962102369e+01  1.213480688780122e+02  0.000000000000000e+00
-2.394359766779446e+02  1.362321464706901e+01  0.000000000000000e+00  0.000000000000000e+00  0.000000000000000e+00  1.142048555821404e+03

 5.084745762711863e-01
 1.256212873567458e+08  0.000000000000000e+00  0.000000000000000e+00  0.000000000000000e+00  0.000000000000000e+00 -7.800714362437595e+05
 0.000000000000000e+00  3.782749066147479e+08  0.000000000000000e+00  0.000000000000000e+00  0.000000000000000e+00  1.019388170154271e+06
 0.000000000000000e+00  0.000000000000000e+00  2.157888538130937e+10  2.045463288552041e+07 -5.717490431009949e+07  0.000000000000000e+00
 0.000000000000000e+00  0.000000000000000e+00  2.045463288552041e+07  1.693270464902212e+10  8.409821745839222e+07  0.000000000000000e+00
 0.000000000000000e+00  0.000000000000000e+00 -5.717490431009949e+07  8.409821745839222e+07  6.843640386013326e+09  0.000000000000000e+00
-7.800714362437595e+05  1.019388170154271e+06  0.000000000000000e+00  0.000000000000000e+00  0.000000000000000e+00  3.366850281759427e+08

 4.534629812476553e+02  0.000000000000000e+00  0.000000000000000e+00  0.000000000000000e+00  0.000000000000000e+00 -2.075657262855080e+02
 0.000000000000000e+00  4.534629812476554e+02  0.000000000000000e+00  0.000000000000000e+00  0.000000000000000e+00  1.051826140188902e+01
 0.000000000000000e+00  0.000000000000000e+00  4.534629812476554e+02  2.075657262855080e+02 -1.051826140188902e+01  0.000000000000000e+00
 0.000000000000000e+00  0.000000000000000e+00  2.075657262855080e+02  8.832899187782739e+02 -1.689309768767638e+01  0.000000000000000e+00
 0.000000000000000e+00  0.000000000000000e+00 -1.051826140188902e+01 -1.689309768767638e+01  1.062832481974378e+02  0.000000000000000e+00
-2.075657262855080e+02  1.051826140188902e+01  0.000000000000000e+00  0.000000000000000e+00  0.000000000000000e+00  9.895731669757117e+02

 5.254237288135595e-01
 1.197985264487026e+08  0.000000000000000e+00  0.000000000000000e+00  0.000000000000000e+00  0.000000000000000e+00 -3.366278153149232e+05
 0.000000000000000e+00  3.608618197474580e+08  0.000000000000000e+00  0.000000000000000e+00  0.000000000000000e+00  3.499941082632027e+05
 0.000000000000000e+00  0.000000000000000e+00  2.097023579102365e+10 -3.422516632564896e+07 -1.955551871493539e+07  0.000000000000000e+00
 0.000000000000000e+00  0.000000000000000e+00 -3.422516632564896e+07  1.513795257110453e+10  5.895592098045033e+07  0.000000000000000e+00
 0.000000000000000e+00  0.000000000000000e+00 -1.955551871493539e+07  5.895592098045034e+07  6.051445093929997e+09  0.000000000000000e+00
-3.366278153149232e+05  3.499941082632027e+05  0.000000000000000e+00  0.000000000000000e+00  0.000000000000000e+00  2.950761885251973e+08

 4.359464401352321e+02  0.000000000000000e+00  0.000000000000000e+00  0.000000000000000e+00  0.000000000000000e+00 -1.901398302740247e+02
 0.000000000000000e+00  4.359464401352321e+02  0.000000000000000e+00  0.000000000000000e+00  0.000000000000000e+00  9.036115129876913e+00
 0.000000000000000e+00  0.000000000000000e+00  4.359464401352321e+02  1.901398302740247e+02 -9.036115129876913e+00  0.000000000000000e+00
 0.000000000000000e+00  0.000000000000000e+00  1.901398302740247e+02  7.830491917117243e+02 -1.452508170761932e+01  0.000000000000000e+00
 0.000000000000000e+00  0.000000000000000e+00 -9.036115129876913e+00 -1.452508170761932e+01  9.330633037979135e+01  0.000000000000000e+00
-1.901398302740247e+02  9.036115129876913e+00  0.000000000000000e+00  0.000000000000000e+00  0.000000000000000e+00  8.763555220915156e+02

 5.423728813559320e-01
 1.145184468778566e+08  0.000000000000000e+00  0.000000000000000e+00  0.000000000000000e+00  0.000000000000000e+00 -8.906202162401240e+03
 0.000000000000000e+00  3.446285289410105e+08  0.000000000000000e+00  0.000000000000000e+00  0.000000000000000e+00  1.702692691034096e+03
 0.000000000000000e+00  0.000000000000000e+00  2.034336210759142e+10 -7.892032911098149e+07  5.199258843674330e+05  0.000000000000000e+00
 0.000000000000000e+00  0.000000000000000e+00 -7.892032911098149e+07  1.350857399688707e+10  4.126851619260795e+07  0.000000000000000e+00
 0.000000000000000e+00  0.000000000000000e+00  5.199258843674330e+05  4.126851619260795e+07  5.328760502982821e+09  0.000000000000000e+00
-8.906202162401240e+03  1.702692691034096e+03  0.000000000000000e+00  0.000000000000000e+00  0.000000000000000e+00  2.588404817818242e+08

 4.186018710640575e+02  0.000000000000000e+00  0.000000000000000e+00  0.000000000000000e+00  0.000000000000000e+00 -1.739548542593599e+02
 0.000000000000000e+00  4.186018710640575e+02  0.000000000000000e+00  0.000000000000000e+00  0.000000000000000e+00  8.079316090452519e+00
 0.000000000000000e+00  0.000000000000000e+00  4.186018710640575e+02  1.739548542593599e+02 -8.079316090452519e+00  0.000000000000000e+00
 0.000000000000000e+00  0.000000000000000e+00  1.739548542593599e+02  6.926866974096778e+02 -1.267064496021363e+01  0.000000000000000e+00
 0.000000000000000e+00  0.000000000000000e+00 -8.079316090452519e+00 -1.267064496021363e+01  8.166043286859153e+01  0.000000000000000e+00
-1.739548542593599e+02  8.079316090452519e+00  0.000000000000000e+00  0.000000000000000e+00  0.000000000000000e+00  7.743471302782693e+02

 5.593220338983048e-01
 1.088660782933555e+08  0.000000000000000e+00  0.000000000000000e+00  0.000000000000000e+00  0.000000000000000e+00  6.950185094624013e+04
 0.000000000000000e+00  3.265234643005299e+08  0.000000000000000e+00  0.000000000000000e+00  0.000000000000000e+00 -7.236766180097770e+04
 0.000000000000000e+00  0.000000000000000e+00  1.971077684531594e+10  5.662678338453675e+06  4.549132979014520e+06  0.000000000000000e+00
 0.000000000000000e+00  0.000000000000000e+00  5.662678338453675e+06  1.213021988914125e+10  2.825363218042891e+07  0.000000000000000e+00
 0.000000000000000e+00  0.000000000000000e+00  4.549132979014520e+06  2.825363218042891e+07  4.667026502129229e+09  0.000000000000000e+00
 6.950185094624013e+04 -7.236766180097770e+04  0.000000000000000e+00  0.000000000000000e+00  0.000000000000000e+00  2.267230961626262e+08

 4.019315477263499e+02  0.000000000000000e+00  0.000000000000000e+00  0.000000000000000e+00  0.000000000000000e+00 -1.603693346248993e+02
 0.000000000000000e+00  4.019315477263499e+02  0.000000000000000e+00  0.000000000000000e+00  0.000000000000000e+00  7.436906638679320e+00
 0.000000000000000e+00  0.000000000000000e+00  4.019315477263499e+02  1.603693346248993e+02 -7.436906638679320e+00  0.000000000000000e+00
 0.000000000000000e+00  0.000000000000000e+00  1.603693346248993e+02  6.161004883588055e+02 -1.110467337634719e+01  0.000000000000000e+00
 0.000000000000000e+00  0.000000000000000e+00 -7.436906638679320e+00 -1.110467337634719e+01  7.111638026104832e+01  0.000000000000000e+00
-1.603693346248993e+02  7.436906638679320e+00  0.000000000000000e+00  0.000000000000000e+00  0.000000000000000e+00  6.872168686198538e+02

 5.762711864406778e-01
 1.041149032164597e+08  0.000000000000000e+00  0.000000000000000e+00  0.000000000000000e+00  0.000000000000000e+00  3.360068406933648e+05
 0.000000000000000e+00  3.116479624185806e+08  0.000000000000000e+00  0.000000000000000e+00  0.000000000000000e+00  7.563318336564366e+04
 0.000000000000000e+00  0.000000000000000e+00  1.904350024048830e+10 -4.537585797808599e+07 -4.560681555262851e+06  0.000000000000000e+00
 0.000000000000000e+00  0.000000000000000e+00 -4.537585797808599e+07  1.074992753149448e+10  2.017720681834070e+07  0.000000000000000e+00
 0.000000000000000e+00  0.000000000000000e+00 -4.560681555262851e+06  2.017720681834071e+07  4.068356556661602e+09  0.000000000000000e+00
 3.360068406933648e+05  7.563318336564366e+04  0.000000000000000e+00  0.000000000000000e+00  0.000000000000000e+00  1.981653024322783e+08

 3.846423458074217e+02  0.000000000000000e+00  0.000000000000000e+00  0.000000000000000e+00  0.000000000000000e+00 -1.456016612983758e+02
 0.000000000000000e+00  3.846423458074217e+02  0.000000000000000e+00  0.000000000000000e+00  0.000000000000000e+00  7.042510818523378e+00
 0.000000000000000e+00  0.000000000000000e+00  3.846423458074217e+02  1.456016612983758e+02 -7.042510818523378e+00  0.000000000000000e+00
 0.000000000000000e+00  0.000000000000000e+00  1.456016612983758e+02  5.409995648815519e+02 -9.787980794300131e+00  0.000000000000000e+00
 0.000000000000000e+00  0.000000000000000e+00 -7.042510818523378e+00 -9.787980794300131e+00  6.169607011427685e+01  0.000000000000000e+00
-1.456016612983758e+02  7.042510818523378e+00  0.000000000000000e+00  0.000000000000000e+00  0.000000000000000e+00  6.026956349958288e+02

 5.932203389830509e-01
 1.001668750538107e+08  0.000000000000000e+00  0.000000000000000e+00  0.000000000000000e+00  0.000000000000000e+00  6.372142648535552e+05
 0.000000000000000e+00  2.991338491114691e+08  0.000000000000000e+00  0.000000000000000e+00  0.000000000000000e+00  4.501638502479244e+05
 0.000000000000000e+00  0.000000000000000e+00  1.836659601421930e+10 -1.684558492642442e+08 -2.742458413994225e+07  0.000000000000000e+00
 0.000000000000000e+00  0.000000000000000e+00 -1.684558492642442e+08  9.466408007381773e+09  1.661744710199017e+07  0.000000000000000e+00
 0.000000000000000e+00  0.000000000000000e+00 -2.742458413994225e+07  1.661744710199017e+07  3.537730162473188e+09  0.000000000000000e+00
 6.372142648535552e+05  4.501638502479244e+05  0.000000000000000e+00  0.000000000000000e+00  0.000000000000000e+00  1.734535046194116e+08

 3.675150158589066e+02  0.000000000000000e+00  0.000000000000000e+00  0.000000000000000e+00  0.000000000000000e+00 -1.310070676759568e+02
 0.000000000000000e+00  3.675150158589066e+02  0.000000000000000e+00  0.000000000000000e+00  0.000000000000000e+00  6.867163494258159e+00
 0.000000000000000e+00  0.000000000000000e+00  3.675150158589066e+02  1.310070676759568e+02 -6.867163494258159e+00  0.000000000000000e+00
 0.000000000000000e+00  0.000000000000000e+00  1.310070676759568e+02  4.717125333088412e+02 -8.677190675474950e+00  0.000000000000000e+00
 0.000000000000000e+00  0.000000000000000e+00 -6.867163494258159e+00 -8.677190675474950e+00  5.343932987413810e+01  0.000000000000000e+00
-1.310070676759568e+02  6.867163494258159e+00  0.000000000000000e+00  0.000000000000000e+00  0.000000000000000e+00  5.251518631829794e+02

 6.101694915254237e-01
 9.613678228986999e+07  0.000000000000000e+00  0.000000000000000e+00  0.000000000000000e+00  0.000000000000000e+00  6.797963458106272e+05
 0.000000000000000e+00  2.854418172738913e+08  0.000000000000000e+00  0.000000000000000e+00  0.000000000000000e+00  9.226956574212017e+05
 0.000000000000000e+00  0.000000000000000e+00  1.770277007696691e+10 -1.696904580554835e+08 -5.704010947696009e+07  0.000000000000000e+00
 0.000000000000000e+00  0.000000000000000e+00 -1.696904580554835e+08  8.417554591055617e+09  1.476951494890002e+07  0.000000000000000e+00
 0.000000000000000e+00  0.000000000000000e+00 -5.704010947696009e+07  1.476951494890003e+07  3.073125873080562e+09  0.000000000000000e+00
 6.797963458106272e+05  9.226956574212017e+05  0.000000000000000e+00  0.000000000000000e+00  0.000000000000000e+00  1.523970759128863e+08

 3.515339825022118e+02  0.000000000000000e+00  0.000000000000000e+00  0.000000000000000e+00  0.000000000000000e+00 -1.192336219448309e+02
 0.000000000000000e+00  3.515339825022119e+02  0.000000000000000e+00  0.000000000000000e+00  0.000000000000000e+00  6.781884453105186e+00
 0.000000000000000e+00  0.000000000000000e+00  3.515339825022118e+02  1.192336219448309e+02 -6.781884453105186e+00  0.000000000000000e+00
 0.000000000000000e+00  0.000000000000000e+00  1.192336219448309e+02  4.149035652676600e+02 -7.690631670160984e+00  0.000000000000000e+00
 0.000000000000000e+00  0.000000000000000e+00 -6.781884453105186e+00 -7.690631670160983e+00  4.627981874038951e+01  0.000000000000000e+00
-1.192336219448309e+02  6.781884453105186e+00  0.000000000000000e+00  0.000000000000000e+00  0.000000000000000e+00  4.611833840080495e+02

 6.271186440677965e-01
 9.201420583231117e+07  0.000000000000000e+00  0.000000000000000e+00  0.000000000000000e+00  0.000000000000000e+00  5.033794188981027e+05
 0.000000000000000e+00  2.707471075527697e+08  0.000000000000000e+00  0.000000000000000e+00  0.000000000000000e+00  1.375247834877755e+06
 0.000000000000000e+00  0.000000000000000e+00  1.704921756029300e+10 -8.219271902048221e+07 -8.663846942631239e+07  0.000000000000000e+00
 0.000000000000000e+00  0.000000000000000e+00 -8.219271902048221e+07  7.559940789141562e+09  1.100241362656329e+07  0.000000000000000e+00
 0.000000000000000e+00  0.000000000000000e+00 -8.663846942631239e+07  1.100241362656329e+07  2.669513323535354e+09  0.000000000000000e+00
 5.033794188981027e+05  1.375247834877755e+06  0.000000000000000e+00  0.000000000000000e+00  0.000000000000000e+00  1.344627955150155e+08

 3.366544443095219e+02  0.000000000000000e+00  0.000000000000000e+00  0.000000000000000e+00  0.000000000000000e+00 -1.098771677487378e+02
 0.000000000000000e+00  3.366544443095219e+02  0.000000000000000e+00  0.000000000000000e+00  0.000000000000000e+00  6.705315636844745e+00
 0.000000000000000e+00  0.000000000000000e+00  3.366544443095219e+02  1.098771677487378e+02 -6.705315636844745e+00  0.000000000000000e+00
 0.000000000000000e+00  0.000000000000000e+00  1.098771677487378e+02  3.683748776423606e+02 -6.798433838249061e+00  0.000000000000000e+00
 0.000000000000000e+00  0.000000000000000e+00 -6.705315636844745e+00 -6.798433838249061e+00  4.011411391040798e+01  0.000000000000000e+00
-1.098771677487378e+02  6.705315636844745e+00  0.000000000000000e+00  0.000000000000000e+00  0.000000000000000e+00  4.084889915527685e+02

 6.440677966101693e-01
 8.870035195173986e+07  0.000000000000000e+00  0.000000000000000e+00  0.000000000000000e+00  0.000000000000000e+00  3.807237960288263e+05
 0.000000000000000e+00  2.585698929833477e+08  0.000000000000000e+00  0.000000000000000e+00  0.000000000000000e+00  1.739958299015120e+06
 0.000000000000000e+00  0.000000000000000e+00  1.637873302852823e+10 -6.042613056193696e+07 -1.102443651374187e+08  0.000000000000000e+00
 0.000000000000000e+00  0.000000000000000e+00 -6.042613056193696e+07  6.747557703273963e+09  5.254703947020803e+06  0.000000000000000e+00
 0.000000000000000e+00  0.000000000000000e+00 -1.102443651374187e+08  5.254703947020803e+06  2.320881708826026e+09  0.000000000000000e+00
 3.807237960288263e+05  1.739958299015120e+06  0.000000000000000e+00  0.000000000000000e+00  0.000000000000000e+00  1.190980343824621e+08

 3.217573610668796e+02  0.000000000000000e+00  0.000000000000000e+00  0.000000000000000e+00  0.000000000000000e+00 -1.005346388989714e+02
 0.000000000000000e+00  3.217573610668796e+02  0.000000000000000e+00  0.000000000000000e+00  0.000000000000000e+00  6.575371317786619e+00
 0.000000000000000e+00  0.000000000000000e+00  3.217573610668796e+02  1.005346388989714e+02 -6.575371317786619e+00  0.000000000000000e+00
 0.000000000000000e+00  0.000000000000000e+00  1.005346388989714e+02  3.249607945529496e+02 -5.976829168307297e+00  0.000000000000000e+00
 0.000000000000000e+00  0.000000000000000e+00 -6.575371317786619e+00 -5.976829168307297e+00  3.482728500337804e+01  0.000000000000000e+00
-1.005346388989714e+02  6.575371317786619e+00  0.000000000000000e+00  0.000000000000000e+00  0.000000000000000e+00  3.597880795563276e+02

 6.610169491525423e-01
 8.577927263370682e+07  0.000000000000000e+00  0.000000000000000e+00  0.000000000000000e+00  0.000000000000000e+00  2.373177196241147e+05
 0.000000000000000e+00  2.475175787841032e+08  0.000000000000000e+00  0.000000000000000e+00  0.000000000000000e+00  1.995915925237612e+06
 0.000000000000000e+00  0.000000000000000e+00  1.569214597424732e+10 -3.458651315086965e+07 -1.265626113375746e+08  0.000000000000000e+00
 0.000000000000000e+00  0.000000000000000e+00 -3.458651315086965e+07  6.010010751863923e+09 -1.297471408188126e+06  0.000000000000000e+00
 0.000000000000000e+00  0.000000000000000e+00 -1.265626113375746e+08 -1.297471408188126e+06  2.019476777269250e+09  0.000000000000000e+00
 2.373177196241147e+05  1.995915925237612e+06  0.000000000000000e+00  0.000000000000000e+00  0.000000000000000e+00  1.058472322319093e+08

 3.069823745155505e+02  0.000000000000000e+00  0.000000000000000e+00  0.000000000000000e+00  0.000000000000000e+00 -9.188293043823862e+01
 0.000000000000000e+00  3.069823745155505e+02  0.000000000000000e+00  0.000000000000000e+00  0.000000000000000e+00  6.367373750399354e+00
 0.000000000000000e+00  0.000000000000000e+00  3.069823745155505e+02  9.188293043823862e+01 -6.367373750399354e+00  0.000000000000000e+00
 0.000000000000000e+00  0.000000000000000e+00  9.188293043823862e+01  2.861042036935717e+02 -5.219185457594008e+00  0.000000000000000e+00
 0.000000000000000e+00  0.000000000000000e+00 -6.367373750399354e+00 -5.219185457594008e+00  3.028516028465124e+01  0.000000000000000e+00
-9.188293043823862e+01  6.367373750399354e+00  0.000000000000000e+00  0.000000000000000e+00  0.000000000000000e+00  3.163893639782229e+02

 6.779661016949151e-01
 8.315416369121307e+07  0.000000000000000e+00  0.000000000000000e+00  0.000000000000000e+00  0.000000000000000e+00  6.589632980478799e+04
 0.000000000000000e+00  2.373023834279943e+08  0.000000000000000e+00  0.000000000000000e+00  0.000000000000000e+00  2.149946369880516e+06
 0.000000000000000e+00  0.000000000000000e+00  1.498955704029046e+10 -3.965486610837748e+06 -1.358256334388739e+08  0.000000000000000e+00
 0.000000000000000e+00  0.000000000000000e+00 -3.965486610837748e+06  5.346039898494317e+09 -7.135624477172722e+06  0.000000000000000e+00
 0.000000000000000e+00  0.000000000000000e+00 -1.358256334388739e+08 -7.135624477172722e+06  1.759171257003017e+09  0.000000000000000e+00
 6.589632980478799e+04  2.149946369880516e+06  0.000000000000000e+00  0.000000000000000e+00  0.000000000000000e+00  9.440583035092321e+07

 2.923803227439428e+02  0.000000000000000e+00  0.000000000000000e+00  0.000000000000000e+00  0.000000000000000e+00 -8.395599276047639e+01
 0.000000000000000e+00  2.923803227439428e+02  0.000000000000000e+00  0.000000000000000e+00  0.000000000000000e+00  6.091865921957223e+00
 0.000000000000000e+00  0.000000000000000e+00  2.923803227439428e+02  8.395599276047639e+01 -6.091865921957223e+00  0.000000000000000e+00
 0.000000000000000e+00  0.000000000000000e+00  8.395599276047639e+01  2.516206952344390e+02 -4.542446194200730e+00  0.000000000000000e+00
 0.000000000000000e+00  0.000000000000000e+00 -6.091865921957223e+00 -4.542446194200730e+00  2.638575645104691e+01  0.000000000000000e+00
-8.395599276047639e+01  6.091865921957223e+00  0.000000000000000e+00  0.000000000000000e+00  0.000000000000000e+00  2.780064516854860e+02

 6.949152542372881e-01
 8.072486409255505e+07  0.000000000000000e+00  0.000000000000000e+00  0.000000000000000e+00  0.000000000000000e+00 -1.272753439534430e+05
 0.000000000000000e+00  2.276965426999123e+08  0.000000000000000e+00  0.000000000000000e+00  0.000000000000000e+00  2.221250525397185e+06
 0.000000000000000e+00  0.000000000000000e+00  1.426919849207944e+10  2.961130890419381e+07 -1.392215760848690e+08  0.000000000000000e+00
 0.000000000000000e+00  0.000000000000000e+00  2.961130890419381e+07  4.747132132301120e+09 -1.172366591202218e+07  0.000000000000000e+00
 0.000000000000000e+00  0.000000000000000e+00 -1.392215760848690e+08 -1.172366591202218e+07  1.533329450575988e+09  0.000000000000000e+00
-1.272753439534430e+05  2.221250525397185e+06  0.000000000000000e+00  0.000000000000000e+00  0.000000000000000e+00  8.443870281979145e+07

 2.778879311251615e+02  0.000000000000000e+00  0.000000000000000e+00  0.000000000000000e+00  0.000000000000000e+00 -7.666887618030368e+01
 0.000000000000000e+00  2.778879311251615e+02  0.000000000000000e+00  0.000000000000000e+00  0.000000000000000e+00  5.766309113958446e+00
 0.000000000000000e+00  0.000000000000000e+00  2.778879311251615e+02  7.666887618030368e+01 -5.766309113958446e+00  0.000000000000000e+00
 0.000000000000000e+00  0.000000000000000e+00  7.666887618030368e+01  2.210030750245880e+02 -3.945646928489303e+00  0.000000000000000e+00
 0.000000000000000e+00  0.000000000000000e+00 -5.766309113958446e+00 -3.945646928489303e+00  2.302003699525562e+01  0.000000000000000e+00
-7.666887618030368e+01  5.766309113958446e+00  0.000000000000000e+00  0.000000000000000e+00  0.000000000000000e+00  2.440231120198436e+02

 7.118644067796611e-01
 7.840541426847690e+07  0.000000000000000e+00  0.000000000000000e+00  0.000000000000000e+00  0.000000000000000e+00 -3.066565737249956e+05
 0.000000000000000e+00  2.186247741947697e+08  0.000000000000000e+00  0.000000000000000e+00  0.000000000000000e+00  2.221338448050062e+06
 0.000000000000000e+00  0.000000000000000e+00  1.352690278519377e+10  5.931146390533905e+07 -1.374631454458056e+08  0.000000000000000e+00
 0.000000000000000e+00  0.000000000000000e+00  5.931146390533905e+07  4.201170035748453e+09 -1.583744553204092e+07  0.000000000000000e+00
 0.000000000000000e+00  0.000000000000000e+00 -1.374631454458056e+08 -1.583744553204092e+07  1.336733202608833e+09  0.000000000000000e+00
-3.066565737249956e+05  2.221338448050062e+06  0.000000000000000e+00  0.000000000000000e+00  0.000000000000000e+00  7.565980124504066e+07

 2.633808217512401e+02  0.000000000000000e+00  0.000000000000000e+00  0.000000000000000e+00  0.000000000000000e+00 -6.977856186197153e+01
 0.000000000000000e+00  2.633808217512401e+02  0.000000000000000e+00  0.000000000000000e+00  0.000000000000000e+00  5.388480684682861e+00
 0.000000000000000e+00  0.000000000000000e+00  2.633808217512401e+02  6.977856186197153e+01 -5.388480684682861e+00  0.000000000000000e+00
 0.000000000000000e+00  0.000000000000000e+00  6.977856186197153e+01  1.936433805432692e+02 -3.404500406857059e+00  0.000000000000000e+00
 0.000000000000000e+00  0.000000000000000e+00 -5.388480684682861e+00 -3.404500406857059e+00  2.010564059285597e+01  0.000000000000000e+00
-6.977856186197153e+01  5.388480684682861e+00  0.000000000000000e+00  0.000000000000000e+00  0.000000000000000e+00  2.137490211361252e+02

 7.288135593220340e-01
 7.611763094161785e+07  0.000000000000000e+00  0.000000000000000e+00  0.000000000000000e+00  0.000000000000000e+00 -4.664285887484997e+05
 0.000000000000000e+00  2.099101586610549e+08  0.000000000000000e+00  0.000000000000000e+00  0.000000000000000e+00  2.163900414216336e+06
 0.000000000000000e+00  0.000000000000000e+00  1.276488833065941e+10  8.400395086978868e+07 -1.316190430945681e+08  0.000000000000000e+00
 0.000000000000000e+00  0.000000000000000e+00  8.400395086978868e+07  3.703546310973414e+09 -1.935390645837991e+07  0.000000000000000e+00
 0.000000000000000e+00  0.000000000000000e+00 -1.316190430945681e+08 -1.935390645837991e+07  1.164775425893985e+09  0.000000000000000e+00
-4.664285887484997e+05  2.163900414216336e+06  0.000000000000000e+00  0.000000000000000e+00  0.000000000000000e+00  6.785600894384378e+07

 2.488394211713898e+02  0.000000000000000e+00  0.000000000000000e+00  0.000000000000000e+00  0.000000000000000e+00 -6.323330795408227e+01
 0.000000000000000e+00  2.488394211713898e+02  0.000000000000000e+00  0.000000000000000e+00  0.000000000000000e+00  4.971761110796388e+00
 0.000000000000000e+00  0.000000000000000e+00  2.488394211713898e+02  6.323330795408227e+01 -4.971761110796388e+00  0.000000000000000e+00
 0.000000000000000e+00  0.000000000000000e+00  6.323330795408227e+01  1.691987471428568e+02 -2.914286063698867e+00  0.000000000000000e+00
 0.000000000000000e+00  0.000000000000000e+00 -4.971761110796388e+00 -2.914286063698867e+00  1.756770400223576e+01  0.000000000000000e+00
-6.323330795408227e+01  4.971761110796388e+00  0.000000000000000e+00  0.000000000000000e+00  0.000000000000000e+00  1.867664511450925e+02

 7.457627118644068e-01
 7.378819938335760e+07  0.000000000000000e+00  0.000000000000000e+00  0.000000000000000e+00  0.000000000000000e+00 -5.997393758957387e+05
 0.000000000000000e+00  2.013647934848664e+08  0.000000000000000e+00  0.000000000000000e+00  0.000000000000000e+00  2.068443203788996e+06
 0.000000000000000e+00  0.000000000000000e+00  1.198413754118903e+10  1.026323017532631e+08 -1.231402572760803e+08  0.000000000000000e+00
 0.000000000000000e+00  0.000000000000000e+00  1.026323017532631e+08  3.249764761574688e+09 -2.216644232385403e+07  0.000000000000000e+00
 0.000000000000000e+00  0.000000000000000e+00 -1.231402572760803e+08 -2.216644232385403e+07  1.013149639470488e+09  0.000000000000000e+00
-5.997393758957387e+05  2.068443203788996e+06  0.000000000000000e+00  0.000000000000000e+00  0.000000000000000e+00  6.084625196864980e+07

 2.342418602342007e+02  0.000000000000000e+00  0.000000000000000e+00  0.000000000000000e+00  0.000000000000000e+00 -5.698975692396129e+01
 0.000000000000000e+00  2.342418602342007e+02  0.000000000000000e+00  0.000000000000000e+00  0.000000000000000e+00  4.535235141941095e+00
 0.000000000000000e+00  0.000000000000000e+00  2.342418602342007e+02  5.698975692396129e+01 -4.535235141941095e+00  0.000000000000000e+00
 0.000000000000000e+00  0.000000000000000e+00  5.698975692396129e+01  1.473524717539093e+02 -2.472207142750330e+00  0.000000000000000e+00
 0.000000000000000e+00  0.000000000000000e+00 -4.535235141941095e+00 -2.472207142750330e+00  1.534034138960424e+01  0.000000000000000e+00
-5.698975692396129e+01  4.535235141941095e+00  0.000000000000000e+00  0.000000000000000e+00  0.000000000000000e+00  1.626928131435135e+02

 7.627118644067796e-01
 7.142879423398758e+07  0.000000000000000e+00  0.000000000000000e+00  0.000000000000000e+00  0.000000000000000e+00 -7.358115926638820e+05
 0.000000000000000e+00  1.928457929596051e+08  0.000000000000000e+00  0.000000000000000e+00  0.000000000000000e+00  1.948442472842573e+06
 0.000000000000000e+00  0.000000000000000e+00  1.119262929100942e+10  1.200583741550987e+08 -1.131346513824389e+08  0.000000000000000e+00
 0.000000000000000e+00  0.000000000000000e+00  1.200583741550987e+08  2.842642315397265e+09 -2.432301196425597e+07  0.000000000000000e+00
 0.000000000000000e+00  0.000000000000000e+00 -1.131346513824389e+08 -2.432301196425597e+07  8.790416067471566e+08  0.000000000000000e+00
-7.358115926638820e+05  1.948442472842573e+06  0.000000000000000e+00  0.000000000000000e+00  0.000000000000000e+00  5.458556838190938e+07

 2.197571643130462e+02  0.000000000000000e+00  0.000000000000000e+00  0.000000000000000e+00  0.000000000000000e+00 -5.120787064367757e+01
 0.000000000000000e+00  2.197571643130462e+02  0.000000000000000e+00  0.000000000000000e+00  0.000000000000000e+00  4.101698000548024e+00
 0.000000000000000e+00  0.000000000000000e+00  2.197571643130462e+02  5.120787064367757e+01 -4.101698000548024e+00  0.000000000000000e+00
 0.000000000000000e+00  0.000000000000000e+00  5.120787064367757e+01  1.280578301646388e+02 -2.083810848780001e+00  0.000000000000000e+00
 0.000000000000000e+00  0.000000000000000e+00 -4.101698000548024e+00 -2.083810848780001e+00  1.337984465289991e+01  0.000000000000000e+00
-5.120787064367757e+01  4.101698000548024e+00  0.000000000000000e+00  0.000000000000000e+00  0.000000000000000e+00  1.414376748175387e+02

 7.796610169491526e-01
 6.899620752571192e+07  0.000000000000000e+00  0.000000000000000e+00  0.000000000000000e+00  0.000000000000000e+00 -8.786548469777420e+05
 0.000000000000000e+00  1.841652457393745e+08  0.000000000000000e+00  0.000000000000000e+00  0.000000000000000e+00  1.823357913240742e+06
 0.000000000000000e+00  0.000000000000000e+00  1.039197051349124e+10  1.367031602668013e+08 -1.029453456248839e+08  0.000000000000000e+00
 0.000000000000000e+00  0.000000000000000e+00  1.367031602668013e+08  2.478375988963737e+09 -2.610752792776118e+07  0.000000000000000e+00
 0.000000000000000e+00  0.000000000000000e+00 -1.029453456248839e+08 -2.610752792776118e+07  7.590599354298269e+08  0.000000000000000e+00
-8.786548469777420e+05  1.823357913240742e+06  0.000000000000000e+00  0.000000000000000e+00  0.000000000000000e+00  4.895179925346071e+07

 2.054050592556852e+02  0.000000000000000e+00  0.000000000000000e+00  0.000000000000000e+00  0.000000000000000e+00 -4.589408004280701e+01
 0.000000000000000e+00  2.054050592556852e+02  0.000000000000000e+00  0.000000000000000e+00  0.000000000000000e+00  3.687706601959509e+00
 0.000000000000000e+00  0.000000000000000e+00  2.054050592556852e+02  4.589408004280701e+01 -3.687706601959509e+00  0.000000000000000e+00
 0.000000000000000e+00  0.000000000000000e+00  4.589408004280701e+01  1.110517630303935e+02 -1.742231939123558e+00  0.000000000000000e+00
 0.000000000000000e+00  0.000000000000000e+00 -3.687706601959509e+00 -1.742231939123557e+00  1.163539860558645e+01  0.000000000000000e+00
-4.589408004280701e+01  3.687706601959509e+00  0.000000000000000e+00  0.000000000000000e+00  0.000000000000000e+00  1.226871616359800e+02

 7.966101694915255e-01
 6.646162284902592e+07  0.000000000000000e+00  0.000000000000000e+00  0.000000000000000e+00  0.000000000000000e+00 -1.048531663026717e+06
 0.000000000000000e+00  1.751213631657342e+08  0.000000000000000e+00  0.000000000000000e+00  0.000000000000000e+00  1.702129577844495e+06
 0.000000000000000e+00  0.000000000000000e+00  9.583097296363651e+09  1.552400964370647e+08 -9.321278921042310e+07  0.000000000000000e+00
 0.000000000000000e+00  0.000000000000000e+00  1.552400964370647e+08  2.155367310903826e+09 -2.787643278649481e+07  0.000000000000000e+00
 0.000000000000000e+00  0.000000000000000e+00 -9.321278921042310e+07 -2.787643278649481e+07  6.508078447958215e+08  0.000000000000000e+00
-1.048531663026717e+06  1.702129577844495e+06  0.000000000000000e+00  0.000000000000000e+00  0.000000000000000e+00  4.388156692312856e+07

 1.912348467736800e+02  0.000000000000000e+00  0.000000000000000e+00  0.000000000000000e+00  0.000000000000000e+00 -4.111930344351300e+01
 0.000000000000000e+00  1.912348467736800e+02  0.000000000000000e+00  0.000000000000000e+00  0.000000000000000e+00  3.304404503531530e+00
 0.000000000000000e+00  0.000000000000000e+00  1.912348467736800e+02  4.111930344351300e+01 -3.304404503531530e+00  0.000000000000000e+00
 0.000000000000000e+00  0.000000000000000e+00  4.111930344351300e+01  9.617302225200490e+01 -1.443247636706450e+00  0.000000000000000e+00
 0.000000000000000e+00  0.000000000000000e+00 -3.304404503531530e+00 -1.443247636706450e+00  1.007026525804454e+01  0.000000000000000e+00
-4.111930344351300e+01  3.304404503531530e+00  0.000000000000000e+00  0.000000000000000e+00  0.000000000000000e+00  1.062432875100494e+02

 8.135593220338984e-01
 6.379372606253555e+07  0.000000000000000e+00  0.000000000000000e+00  0.000000000000000e+00  0.000000000000000e+00 -1.248316436924572e+06
 0.000000000000000e+00  1.655413990892773e+08  0.000000000000000e+00  0.000000000000000e+00  0.000000000000000e+00  1.583993609595182e+06
 0.000000000000000e+00  0.000000000000000e+00  8.769685292495270e+09  1.754369328626894e+08 -8.398967226398216e+07  0.000000000000000e+00
 0.000000000000000e+00  0.000000000000000e+00  1.754369328626894e+08  1.869839614706301e+09 -3.114836137124521e+07  0.000000000000000e+00
 0.000000000000000e+00  0.000000000000000e+00 -8.398967226398216e+07 -3.114836137124521e+07  5.525790598158519e+08  0.000000000000000e+00
-1.248316436924572e+06  1.583993609595182e+06  0.000000000000000e+00  0.000000000000000e+00  0.000000000000000e+00  3.928328609159419e+07

 1.772779617392793e+02  0.000000000000000e+00  0.000000000000000e+00  0.000000000000000e+00  0.000000000000000e+00 -3.685881987622760e+01
 0.000000000000000e+00  1.772779617392793e+02  0.000000000000000e+00  0.000000000000000e+00  0.000000000000000e+00  2.942707642514291e+00
 0.000000000000000e+00  0.000000000000000e+00  1.772779617392793e+02  3.685881987622760e+01 -2.942707642514291e+00  0.000000000000000e+00
 0.000000000000000e+00  0.000000000000000e+00  3.685881987622760e+01  8.316791310708314e+01 -1.163851709257239e+00  0.000000000000000e+00
 0.000000000000000e+00  0.000000000000000e+00 -2.942707642514291e+00 -1.163851709257239e+00  8.656259212487075e+00  0.000000000000000e+00
-3.685881987622760e+01  2.942707642514291e+00  0.000000000000000e+00  0.000000000000000e+00  0.000000000000000e+00  9.182417231957021e+01

 8.305084745762712e-01
 6.089996522377956e+07  0.000000000000000e+00  0.000000000000000e+00  0.000000000000000e+00  0.000000000000000e+00 -1.474798189374043e+06
 0.000000000000000e+00  1.552273195385659e+08  0.000000000000000e+00  0.000000000000000e+00  0.000000000000000e+00  1.498745965118142e+06
 0.000000000000000e+00  0.000000000000000e+00  7.952127886465793e+09  1.962087786505915e+08 -7.685858098579407e+07  0.000000000000000e+00
 0.000000000000000e+00  0.000000000000000e+00  1.962087786505915e+08  1.617072222911180e+09 -3.237811603641168e+07  0.000000000000000e+00
 0.000000000000000e+00  0.000000000000000e+00 -7.685858098579407e+07 -3.237811603641168e+07  4.628818360309401e+08  0.000000000000000e+00
-1.474798189374043e+06  1.498745965118142e+06  0.000000000000000e+00  0.000000000000000e+00  0.000000000000000e+00  3.506053855566681e+07

 1.635293151905062e+02  0.000000000000000e+00  0.000000000000000e+00  0.000000000000000e+00  0.000000000000000e+00 -3.309620318459607e+01
 0.000000000000000e+00  1.635293151905062e+02  0.000000000000000e+00  0.000000000000000e+00  0.000000000000000e+00  2.642202035274121e+00
 0.000000000000000e+00  0.000000000000000e+00  1.635293151905062e+02  3.309620318459607e+01 -2.642202035274121e+00  0.000000000000000e+00
 0.000000000000000e+00  0.000000000000000e+00  3.309620318459607e+01  7.181356495770177e+01 -9.431341000501162e-01  0.000000000000000e+00
 0.000000000000000e+00  0.000000000000000e+00 -2.642202035274121e+00 -9.431341000501161e-01  7.368698216837017e+00  0.000000000000000e+00
-3.309620318459607e+01  2.642202035274121e+00  0.000000000000000e+00  0.000000000000000e+00  0.000000000000000e+00  7.918226317453879e+01

 8.474576271186440e-01
 5.788456008343326e+07  0.000000000000000e+00  0.000000000000000e+00  0.000000000000000e+00  0.000000000000000e+00 -1.678306080266712e+06
 0.000000000000000e+00  1.447017289152598e+08  0.000000000000000e+00  0.000000000000000e+00  0.000000000000000e+00  1.449743649761112e+06
 0.000000000000000e+00  0.000000000000000e+00  7.175820725529249e+09  2.114305482515367e+08 -7.197101709906194e+07  0.000000000000000e+00
 0.000000000000000e+00  0.000000000000000e+00  2.114305482515367e+08  1.392303947022813e+09 -2.974667370358688e+07  0.000000000000000e+00
 0.000000000000000e+00  0.000000000000000e+00 -7.197101709906194e+07 -2.974667370358688e+07  3.834886481646465e+08  0.000000000000000e+00
-1.678306080266712e+06  1.449743649761112e+06  0.000000000000000e+00  0.000000000000000e+00  0.000000000000000e+00  3.110128881760437e+07

 1.504191929054564e+02  0.000000000000000e+00  0.000000000000000e+00  0.000000000000000e+00  0.000000000000000e+00 -2.967050602051514e+01
 0.000000000000000e+00  1.504191929054564e+02  0.000000000000000e+00  0.000000000000000e+00  0.000000000000000e+00  2.411797868320444e+00
 0.000000000000000e+00  0.000000000000000e+00  1.504191929054564e+02  2.967050602051514e+01 -2.411797868320444e+00  0.000000000000000e+00
 0.000000000000000e+00  0.000000000000000e+00  2.967050602051514e+01  6.178534506688702e+01 -7.944349039151392e-01  0.000000000000000e+00
 0.000000000000000e+00  0.000000000000000e+00 -2.411797868320444e+00 -7.944349039151392e-01  6.219716084379932e+00  0.000000000000000e+00
-2.967050602051514e+01  2.411797868320444e+00  0.000000000000000e+00  0.000000000000000e+00  0.000000000000000e+00  6.800506115126694e+01

 8.644067796610170e-01
 5.460748141625705e+07  0.000000000000000e+00  0.000000000000000e+00  0.000000000000000e+00  0.000000000000000e+00 -1.859271687276521e+06
 0.000000000000000e+00  1.335537068578353e+08  0.000000000000000e+00  0.000000000000000e+00  0.000000000000000e+00  1.432989739275838e+06
 0.000000000000000e+00  0.000000000000000e+00  6.430333937427692e+09  2.220081865697215e+08 -6.906637291483232e+07  0.000000000000000e+00
 0.000000000000000e+00  0.000000000000000e+00  2.220081865697215e+08  1.191761595701341e+09 -2.563045794967665e+07  0.000000000000000e+00
 0.000000000000000e+00  0.000000000000000e+00 -6.906637291483232e+07 -2.563045794967665e+07  3.123718087221413e+08  0.000000000000000e+00
-1.859271687276521e+06  1.432989739275838e+06  0.000000000000000e+00  0.000000000000000e+00  0.000000000000000e+00  2.731801672674691e+07

 1.377626845619508e+02  0.000000000000000e+00  0.000000000000000e+00  0.000000000000000e+00  0.000000000000000e+00 -2.655776140774663e+01
 0.000000000000000e+00  1.377626845619507e+02  0.000000000000000e+00  0.000000000000000e+00  0.000000000000000e+00  2.236962402479836e+00
 0.000000000000000e+00  0.000000000000000e+00  1.377626845619507e+02  2.655776140774663e+01 -2.236962402479836e+00  0.000000000000000e+00
 0.000000000000000e+00  0.000000000000000e+00  2.655776140774663e+01  5.289461372389874e+01 -6.863450425656900e-01  0.000000000000000e+00
 0.000000000000000e+00  0.000000000000000e+00 -2.236962402479836e+00 -6.863450425656900e-01  5.179005773081762e+00  0.000000000000000e+00
-2.655776140774663e+01  2.236962402479836e+00  0.000000000000000e+00  0.000000000000000e+00  0.000000000000000e+00  5.807361949698049e+01

 8.813559322033897e-01
 5.078265674635085e+07  0.000000000000000e+00  0.000000000000000e+00  0.000000000000000e+00  0.000000000000000e+00 -2.019157570247216e+06
 0.000000000000000e+00  1.210106972597556e+08  0.000000000000000e+00  0.000000000000000e+00  0.000000000000000e+00  1.434110521659343e+06
 0.000000000000000e+00  0.000000000000000e+00  5.683120183929585e+09  2.287093956429129e+08 -6.741183904612701e+07  0.000000000000000e+00
 0.000000000000000e+00  0.000000000000000e+00  2.287093956429129e+08  1.009526266023113e+09 -2.148256038947405e+07  0.000000000000000e+00
 0.000000000000000e+00  0.000000000000000e+00 -6.741183904612701e+07 -2.148256038947405e+07  2.472563772316888e+08  0.000000000000000e+00
-2.019157570247216e+06  1.434110521659343e+06  0.000000000000000e+00  0.000000000000000e+00  0.000000000000000e+00  2.359943420704677e+07

 1.250499261959393e+02  0.000000000000000e+00  0.000000000000000e+00  0.000000000000000e+00  0.000000000000000e+00 -2.369184420822607e+01
 0.000000000000000e+00  1.250499261959393e+02  0.000000000000000e+00  0.000000000000000e+00  0.000000000000000e+00  2.098770524353490e+00
 0.000000000000000e+00  0.000000000000000e+00  1.250499261959393e+02  2.369184420822607e+01 -2.098770524353490e+00  0.000000000000000e+00
 0.000000000000000e+00  0.000000000000000e+00  2.369184420822607e+01  4.488712909595262e+01 -5.981416886952194e-01  0.000000000000000e+00
 0.000000000000000e+00  0.000000000000000e+00 -2.098770524353490e+00 -5.981416886952194e-01  4.213378292516498e+00  0.000000000000000e+00
-2.369184420822607e+01  2.098770524353490e+00  0.000000000000000e+00  0.000000000000000e+00  0.000000000000000e+00  4.910050738846911e+01

 8.983050847457625e-01
 4.710553389350738e+07  0.000000000000000e+00  0.000000000000000e+00  0.000000000000000e+00  0.000000000000000e+00 -2.000178375765993e+06
 0.000000000000000e+00  1.056995490295846e+08  0.000000000000000e+00  0.000000000000000e+00  0.000000000000000e+00  1.916134591568277e+06
 0.000000000000000e+00  0.000000000000000e+00  5.070701956102245e+09  2.175868540586162e+08 -9.181336102342379e+07  0.000000000000000e+00
 0.000000000000000e+00  0.000000000000000e+00  2.175868540586162e+08  8.832138846619720e+08 -1.818884237286733e+07  0.000000000000000e+00
 0.000000000000000e+00  0.000000000000000e+00 -9.181336102342379e+07 -1.818884237286733e+07  1.912300313321217e+08  0.000000000000000e+00
-2.000178375765993e+06  1.916134591568277e+06  0.000000000000000e+00  0.000000000000000e+00  0.000000000000000e+00  2.009682333910838e+07

 1.136638162670708e+02  0.000000000000000e+00  0.000000000000000e+00  0.000000000000000e+00  0.000000000000000e+00 -2.084647649221805e+01
 0.000000000000000e+00  1.136638162670708e+02  0.000000000000000e+00  0.000000000000000e+00  0.000000000000000e+00  2.243081113885663e+00
 0.000000000000000e+00  0.000000000000000e+00  1.136638162670708e+02  2.084647649221805e+01 -2.243081113885663e+00  0.000000000000000e+00
 0.000000000000000e+00  0.000000000000000e+00  2.084647649221805e+01  3.801816297181728e+01 -5.309959622300859e-01  0.000000000000000e+00
 0.000000000000000e+00  0.000000000000000e+00 -2.243081113885663e+00 -5.309959622300859e-01  3.350541742822669e+00  0.000000000000000e+00
-2.084647649221805e+01  2.243081113885663e+00  0.000000000000000e+00  0.000000000000000e+00  0.000000000000000e+00  4.136870471463995e+01

 9.152542372881355e-01
 4.032026137534574e+07  0.000000000000000e+00  0.000000000000000e+00  0.000000000000000e+00  0.000000000000000e+00 -2.155285507879730e+06
 0.000000000000000e+00  8.828459260498929e+07  0.000000000000000e+00  0.000000000000000e+00  0.000000000000000e+00  1.534773010016717e+06
 0.000000000000000e+00  0.000000000000000e+00  4.112801618222324e+09  2.219021114122271e+08 -7.148747528427994e+07  0.000000000000000e+00
 0.000000000000000e+00  0.000000000000000e+00  2.219021114122271e+08  6.894828099172962e+08 -1.487089224795914e+07  0.000000000000000e+00
 0.000000000000000e+00  0.000000000000000e+00 -7.148747528427994e+07 -1.487089224795914e+07  1.329503585042174e+08  0.000000000000000e+00
-2.155285507879730e+06  1.534773010016717e+06  0.000000000000000e+00  0.000000000000000e+00  0.000000000000000e+00  1.597642575416318e+07

 9.779953470020725e+01  0.000000000000000e+00  0.000000000000000e+00  0.000000000000000e+00  0.000000000000000e+00 -1.824292765814068e+01
 0.000000000000000e+00  9.779953470020723e+01  0.000000000000000e+00  0.000000000000000e+00  0.000000000000000e+00  1.937052429411030e+00
 0.000000000000000e+00  0.000000000000000e+00  9.779953470020725e+01  1.824292765814068e+01 -1.937052429411030e+00  0.000000000000000e+00
 0.000000000000000e+00  0.000000000000000e+00  1.824292765814068e+01  3.069255432332048e+01 -4.518866437879351e-01  0.000000000000000e+00
 0.000000000000000e+00  0.000000000000000e+00 -1.937052429411030e+00 -4.518866437879351e-01  2.461599728388199e+00  0.000000000000000e+00
-1.824292765814068e+01  1.937052429411030e+00  0.000000000000000e+00  0.000000000000000e+00  0.000000000000000e+00  3.315415405170868e+01

 9.322033898305087e-01
 3.193552177045070e+07  0.000000000000000e+00  0.000000000000000e+00  0.000000000000000e+00  0.000000000000000e+00 -2.158383095716272e+06
 0.000000000000000e+00  6.806405498444404e+07  0.000000000000000e+00  0.000000000000000e+00  0.000000000000000e+00  1.240661810000174e+06
 0.000000000000000e+00  0.000000000000000e+00  3.060817819493309e+09  2.086943172946155e+08 -5.582232336792185e+07  0.000000000000000e+00
 0.000000000000000e+00  0.000000000000000e+00  2.086943172946155e+08  4.965504394953804e+08 -1.141306941449948e+07  0.000000000000000e+00
 0.000000000000000e+00  0.000000000000000e+00 -5.582232336792185e+07 -1.141306941449948e+07  8.266983422398317e+07  0.000000000000000e+00
-2.158383095716272e+06  1.240661810000174e+06  0.000000000000000e+00  0.000000000000000e+00  0.000000000000000e+00  1.174591833388302e+07

 7.947217822168513e+01  0.000000000000000e+00  0.000000000000000e+00  0.000000000000000e+00  0.000000000000000e+00 -1.529290852880954e+01
 0.000000000000000e+00  7.947217822168514e+01  0.000000000000000e+00  0.000000000000000e+00  0.000000000000000e+00  1.648719079597603e+00
 0.000000000000000e+00  0.000000000000000e+00  7.947217822168514e+01  1.529290852880954e+01 -1.648719079597603e+00  0.000000000000000e+00
 0.000000000000000e+00  0.000000000000000e+00  1.529290852880954e+01  2.338426983253780e+01 -3.751982670946811e-01  0.000000000000000e+00
 0.000000000000000e+00  0.000000000000000e+00 -1.648719079597603e+00 -3.751982670946811e-01  1.658059985768796e+00  0.000000000000000e+00
-1.529290852880954e+01  1.648719079597603e+00  0.000000000000000e+00  0.000000000000000e+00  0.000000000000000e+00  2.504232981830660e+01

 9.491525423728810e-01
 2.335445922849299e+07  0.000000000000000e+00  0.000000000000000e+00  0.000000000000000e+00  0.000000000000000e+00 -1.812895623123611e+06
 0.000000000000000e+00  4.938860398854073e+07  0.000000000000000e+00  0.000000000000000e+00  0.000000000000000e+00  9.910926444939508e+05
 0.000000000000000e+00  0.000000000000000e+00  2.160900199453645e+09  1.676996994972594e+08 -4.335693342236261e+07  0.000000000000000e+00
 0.000000000000000e+00  0.000000000000000e+00  1.676996994972594e+08  3.188812444195735e+08 -8.261591181602165e+06  0.000000000000000e+00
 0.000000000000000e+00  0.000000000000000e+00 -4.335693342236261e+07 -8.261591181602165e+06  4.781706441879098e+07  0.000000000000000e+00
-1.812895623123611e+06  9.910926444939508e+05  0.000000000000000e+00  0.000000000000000e+00  0.000000000000000e+00  7.658764601545393e+06

 6.065266911743205e+01  0.000000000000000e+00  0.000000000000000e+00  0.000000000000000e+00  0.000000000000000e+00 -1.166433206531238e+01
 0.000000000000000e+00  6.065266911743205e+01  0.000000000000000e+00  0.000000000000000e+00  0.000000000000000e+00  1.312806335512692e+00
 0.000000000000000e+00  0.000000000000000e+00  6.065266911743205e+01  1.166433206531238e+01 -1.312806335512692e+00  0.000000000000000e+00
 0.000000000000000e+00  0.000000000000000e+00  1.166433206531238e+01  1.597561168850895e+01 -2.785554472596086e-01  0.000000000000000e+00
 0.000000000000000e+00  0.000000000000000e+00 -1.312806335512692e+00 -2.785554472596086e-01  1.025177334982569e+00  0.000000000000000e+00
-1.166433206531238e+01  1.312806335512692e+00  0.000000000000000e+00  0.000000000000000e+00  0.000000000000000e+00  1.700078902349152e+01

 9.661016949152539e-01
 1.834759706216285e+07  0.000000000000000e+00  0.000000000000000e+00  0.000000000000000e+00  0.000000000000000e+00 -1.213884116430598e+06
 0.000000000000000e+00  3.890316256415113e+07  0.000000000000000e+00  0.000000000000000e+00  0.000000000000000e+00  7.212534545759094e+05
 0.000000000000000e+00  0.000000000000000e+00  1.769841493280030e+09  1.163771456081613e+08 -3.279845970829777e+07  0.000000000000000e+00
 0.000000000000000e+00  0.000000000000000e+00  1.163771456081613e+08  1.833726699490909e+08 -5.799853408277955e+06  0.000000000000000e+00
 0.000000000000000e+00  0.000000000000000e+00 -3.279845970829777e+07 -5.799853408277955e+06  2.993330488901018e+07  0.000000000000000e+00
-1.213884116430598e+06  7.212534545759094e+05  0.000000000000000e+00  0.000000000000000e+00  0.000000000000000e+00  4.260234212646518e+06

 4.344215494071390e+01  0.000000000000000e+00  0.000000000000000e+00  0.000000000000000e+00  0.000000000000000e+00 -7.691501886082934e+00
 0.000000000000000e+00  4.344215494071390e+01  0.000000000000000e+00  0.000000000000000e+00  0.000000000000000e+00  8.408123962958771e-01
 0.000000000000000e+00  0.000000000000000e+00  4.344215494071389e+01  7.691501886082934e+00 -8.408123962958771e-01  0.000000000000000e+00
 0.000000000000000e+00  0.000000000000000e+00  7.691501886082934e+00  8.675309437989805e+00 -1.424969205192041e-01  0.000000000000000e+00
 0.000000000000000e+00  0.000000000000000e+00 -8.408123962958771e-01 -1.424969205192041e-01  5.919101637750205e-01  0.000000000000000e+00
-7.691501886082934e+00  8.408123962958771e-01  0.000000000000000e+00  0.000000000000000e+00  0.000000000000000e+00  9.267219601764825e+00

 9.830508474576267e-01
 9.221174013706086e+06  0.000000000000000e+00  0.000000000000000e+00  0.000000000000000e+00  0.000000000000000e+00 -2.106205235753485e+06
 0.000000000000000e+00  9.002770760366239e+06  0.000000000000000e+00  0.000000000000000e+00  0.000000000000000e+00  1.416138175594360e+05
 0.000000000000000e+00  0.000000000000000e+00  2.232345187071264e+08  5.076557440972105e+07 -3.505368727052201e+06  0.000000000000000e+00
 0.000000000000000e+00  0.000000000000000e+00  5.076557440972105e+07  3.856752734211796e+07 -6.506543479421673e+05  0.000000000000000e+00
 0.000000000000000e+00  0.000000000000000e+00 -3.505368727052201e+06 -6.506543479421673e+05  1.424802765519533e+06  0.000000000000000e+00
-2.106205235753485e+06  1.416138175594360e+05  0.000000000000000e+00  0.000000000000000e+00  0.000000000000000e+00  1.629697867848204e+06

 1.643661320636614e+01  0.000000000000000e+00  0.000000000000000e+00  0.000000000000000e+00  0.000000000000000e+00 -3.671044161776399e+00
 0.000000000000000e+00  1.643661320636614e+01  0.000000000000000e+00  0.000000000000000e+00  0.000000000000000e+00  2.830156386969432e-01
 0.000000000000000e+00  0.000000000000000e+00  1.643661320636614e+01  3.671044161776399e+00 -2.830156386969432e-01  0.000000000000000e+00
 0.000000000000000e+00  0.000000000000000e+00  3.671044161776399e+00  2.784154508658475e+00 -7.488941267651997e-02  0.000000000000000e+00
 0.000000000000000e+00  0.000000000000000e+00 -2.830156386969432e-01 -7.488941267651998e-02  1.069296891433655e-01  0.000000000000000e+00
-3.671044161776399e+00  2.830156386969432e-01  0.000000000000000e+00  0.000000000000000e+00  0.000000000000000e+00  2.891084197801841e+00

 1.000000000000000e+00
 2.007600134282072e+06  0.000000000000000e+00  0.000000000000000e+00  0.000000000000000e+00  0.000000000000000e+00 -1.915001434145264e+05
 0.000000000000000e+00  1.992177369988611e+06  0.000000000000000e+00  0.000000000000000e+00  0.000000000000000e+00  1.094519032984495e+04
 0.000000000000000e+00  0.000000000000000e+00  4.858944001728466e+07  4.619309230805242e+06 -2.665334262758485e+05  0.000000000000000e+00
 0.000000000000000e+00  0.000000000000000e+00  4.619309230805242e+06  1.113798018870324e+06 -2.079096673208745e+04  0.000000000000000e+00
 0.000000000000000e+00  0.000000000000000e+00 -2.665334262758485e+05 -2.079096673208744e+04  3.604370202748686e+04  0.000000000000000e+00
-1.915001434145264e+05  1.094519032984495e+04  0.000000000000000e+00  0.000000000000000e+00  0.000000000000000e+00  4.741664815723866e+04

 3.757537836394237e+00  0.000000000000000e+00  0.000000000000000e+00  0.000000000000000e+00  0.000000000000000e+00 -3.580655169953353e-01
 0.000000000000000e+00  3.757537836394237e+00  0.000000000000000e+00  0.000000000000000e+00  0.000000000000000e+00  2.320414998502952e-02
 0.000000000000000e+00  0.000000000000000e+00  3.757537836394237e+00  3.580655169953353e-01 -2.320414998502952e-02  0.000000000000000e+00
 0.000000000000000e+00  0.000000000000000e+00  3.580655169953353e-01  8.628930414505095e-02 -2.564068338049545e-03  0.000000000000000e+00
 0.000000000000000e+00  0.000000000000000e+00 -2.320414998502952e-02 -2.564068338049545e-03  2.840706207085619e-03  0.000000000000000e+00
-3.580655169953353e-01  2.320414998502952e-02  0.000000000000000e+00  0.000000000000000e+00  0.000000000000000e+00  8.913001035213657e-02


